<?xml version='1.0' encoding='UTF-8'?>
<dataroot>
 <title>
  <id>1</id>
  <tit>حرف الهمزة في أسماء الحكماء</tit>
  <lvl>1</lvl>
 </title>
 <title>
  <id>1</id>
  <tit>بسم الله الرحمن الرحيم</tit>
  <lvl>1</lvl>
 </title>
 <title>
  <id>22</id>
  <tit>الكلام على كتبه الطبيعيات</tit>
  <lvl>2</lvl>
 </title>
 <title>
  <id>25</id>
  <tit>الكتب التي وجدت في خزانة الرجل الذي يسمى ابليقون</tit>
  <lvl>2</lvl>
 </title>
 <title>
  <id>42</id>
  <tit>حرف الباء الموحدة</tit>
  <lvl>1</lvl>
 </title>
 <title>
  <id>42</id>
  <tit>في أسماء الحكماء</tit>
  <lvl>1</lvl>
 </title>
 <title>
  <id>48</id>
  <tit>حرف التاء المثناة</tit>
  <lvl>1</lvl>
 </title>
 <title>
  <id>48</id>
  <tit>في أسماء الحكماء</tit>
  <lvl>1</lvl>
 </title>
 <title>
  <id>49</id>
  <tit>حرف الثاء المثلثة</tit>
  <lvl>1</lvl>
 </title>
 <title>
  <id>49</id>
  <tit>في أسماء الحكماء</tit>
  <lvl>1</lvl>
 </title>
 <title>
  <id>55</id>
  <tit>حرف الجيم</tit>
  <lvl>1</lvl>
 </title>
 <title>
  <id>55</id>
  <tit>في أسماء الحكماء</tit>
  <lvl>1</lvl>
 </title>
 <title>
  <id>58</id>
  <tit>الخارجة عن الستة عشر المتقدم شرحها</tit>
  <lvl>2</lvl>
 </title>
 <title>
  <id>58</id>
  <tit>تسمية كتب جالينوس ونقولها وشروحها</tit>
  <lvl>2</lvl>
 </title>
 <title>
  <id>58</id>
  <tit>كتب جالينوس</tit>
  <lvl>2</lvl>
 </title>
 <title>
  <id>73</id>
  <tit>حرف الحاء المهملة</tit>
  <lvl>1</lvl>
 </title>
 <title>
  <id>73</id>
  <tit>في أسماء الحكماء</tit>
  <lvl>1</lvl>
 </title>
 <title>
  <id>80</id>
  <tit>حرف الخاء المعجمة</tit>
  <lvl>1</lvl>
 </title>
 <title>
  <id>80</id>
  <tit>في أسماء الحكماء</tit>
  <lvl>1</lvl>
 </title>
 <title>
  <id>80</id>
  <tit>في أسماء الحكماء</tit>
  <lvl>1</lvl>
 </title>
 <title>
  <id>80</id>
  <tit>حرف الدال المهملة</tit>
  <lvl>1</lvl>
 </title>
 <title>
  <id>81</id>
  <tit>حرف الذال المعجمة</tit>
  <lvl>1</lvl>
 </title>
 <title>
  <id>81</id>
  <tit>في أسماء الحكماء</tit>
  <lvl>1</lvl>
 </title>
 <title>
  <id>82</id>
  <tit>حرف الراء المهملة</tit>
  <lvl>1</lvl>
 </title>
 <title>
  <id>82</id>
  <tit>في أسماء الحكماء</tit>
  <lvl>1</lvl>
 </title>
 <title>
  <id>82</id>
  <tit>في أسماء الحكماء</tit>
  <lvl>1</lvl>
 </title>
 <title>
  <id>82</id>
  <tit>حرف الزاء المعجمة</tit>
  <lvl>1</lvl>
 </title>
 <title>
  <id>83</id>
  <tit>حرف السين المهملة</tit>
  <lvl>1</lvl>
 </title>
 <title>
  <id>83</id>
  <tit>في أسماء الحكماء</tit>
  <lvl>1</lvl>
 </title>
 <title>
  <id>94</id>
  <tit>في أسماء الحكماء</tit>
  <lvl>1</lvl>
 </title>
 <title>
  <id>94</id>
  <tit>في أسماء الحكماء</tit>
  <lvl>1</lvl>
 </title>
 <title>
  <id>94</id>
  <tit>حرف الصاد المهملة</tit>
  <lvl>1</lvl>
 </title>
 <title>
  <id>94</id>
  <tit>حرف الشين المعجمة</tit>
  <lvl>1</lvl>
 </title>
 <title>
  <id>97</id>
  <tit>حرف الطاء المهملة</tit>
  <lvl>1</lvl>
 </title>
 <title>
  <id>97</id>
  <tit>في أسماء الحكماء</tit>
  <lvl>1</lvl>
 </title>
 <title>
  <id>97</id>
  <tit>في أسماء الحكماء</tit>
  <lvl>1</lvl>
 </title>
 <title>
  <id>97</id>
  <tit>حرف العين المهملة</tit>
  <lvl>1</lvl>
 </title>
 <title>
  <id>108</id>
  <tit>حرف الغين المعجمة</tit>
  <lvl>1</lvl>
 </title>
 <title>
  <id>108</id>
  <tit>حرف الفاء</tit>
  <lvl>1</lvl>
 </title>
 <title>
  <id>108</id>
  <tit>في أسماء الحكماء</tit>
  <lvl>1</lvl>
 </title>
 <title>
  <id>108</id>
  <tit>في أسماء الحكماء</tit>
  <lvl>1</lvl>
 </title>
 <title>
  <id>111</id>
  <tit>حرق القاف</tit>
  <lvl>1</lvl>
 </title>
 <title>
  <id>111</id>
  <tit>في أسماء الحكماء</tit>
  <lvl>1</lvl>
 </title>
 <title>
  <id>112</id>
  <tit>في أسماء الحكماء</tit>
  <lvl>1</lvl>
 </title>
 <title>
  <id>112</id>
  <tit>حرف الكاف</tit>
  <lvl>1</lvl>
 </title>
 <title>
  <id>113</id>
  <tit>حرف الميم</tit>
  <lvl>1</lvl>
 </title>
 <title>
  <id>113</id>
  <tit>في أسماء الحكماء</tit>
  <lvl>1</lvl>
 </title>
 <title>
  <id>113</id>
  <tit>حرف اللام</tit>
  <lvl>1</lvl>
 </title>
 <title>
  <id>113</id>
  <tit>في أسماء الحكماء</tit>
  <lvl>1</lvl>
 </title>
 <title>
  <id>144</id>
  <tit>حرف النون</tit>
  <lvl>1</lvl>
 </title>
 <title>
  <id>144</id>
  <tit>في أسماء الحكماء</tit>
  <lvl>1</lvl>
 </title>
 <title>
  <id>144</id>
  <tit>في أسماء الحكماء</tit>
  <lvl>1</lvl>
 </title>
 <title>
  <id>144</id>
  <tit>حرف الهاء</tit>
  <lvl>1</lvl>
 </title>
 <title>
  <id>150</id>
  <tit>حرف الواو</tit>
  <lvl>1</lvl>
 </title>
 <title>
  <id>150</id>
  <tit>في أسماء الحكماء</tit>
  <lvl>1</lvl>
 </title>
 <title>
  <id>151</id>
  <tit>ونسخة المحضر الثاني</tit>
  <lvl>2</lvl>
 </title>
 <title>
  <id>151</id>
  <tit>حرف الياء</tit>
  <lvl>1</lvl>
 </title>
 <title>
  <id>151</id>
  <tit>في أسماء الحكماء</tit>
  <lvl>1</lvl>
 </title>
 <title>
  <id>169</id>
  <tit>الكنى في أسماء الحكماء</tit>
  <lvl>1</lvl>
 </title>
 <title>
  <id>187</id>
  <tit>الأبناء في أسماء الحكماء</tit>
  <lvl>1</lvl>
 </title>
</dataroot>
