<?xml version='1.0' encoding='UTF-8'?>
<dataroot>
 <title>
  <id>1</id>
  <tit>في ابتداء بناء بيت المقدس والمسجد الأقصى</tit>
  <lvl>1</lvl>
 </title>
 <title>
  <id>1</id>
  <tit>الفصل الثاني</tit>
  <lvl>1</lvl>
 </title>
 <title>
  <id>1</id>
  <tit>في ابتداء شد الرحال إلى بيت المقدس</tit>
  <lvl>1</lvl>
 </title>
 <title>
  <id>1</id>
  <tit>الفصل الأول</tit>
  <lvl>1</lvl>
 </title>
 <title>
  <id>3</id>
  <tit>الفصل الثالث</tit>
  <lvl>1</lvl>
 </title>
 <title>
  <id>3</id>
  <tit>في فضل الصلاة في بيت المقدس</tit>
  <lvl>1</lvl>
 </title>
 <title>
  <id>4</id>
  <tit>في فضل الإحرام من بيت المقدس</tit>
  <lvl>1</lvl>
 </title>
 <title>
  <id>4</id>
  <tit>في ذكر الصخرة وأنها من الجنة</tit>
  <lvl>1</lvl>
 </title>
 <title>
  <id>4</id>
  <tit>الفصل السادس</tit>
  <lvl>1</lvl>
 </title>
 <title>
  <id>4</id>
  <tit>وشهور الموسم</tit>
  <lvl>1</lvl>
 </title>
 <title>
  <id>4</id>
  <tit>في فضل الصدقة والصيام في بيت المقدس</tit>
  <lvl>1</lvl>
 </title>
 <title>
  <id>4</id>
  <tit>والآثار فيه</tit>
  <lvl>1</lvl>
 </title>
 <title>
  <id>4</id>
  <tit>الفصل الرابع</tit>
  <lvl>1</lvl>
 </title>
 <title>
  <id>4</id>
  <tit>الفصل الخامس</tit>
  <lvl>1</lvl>
 </title>
 <title>
  <id>5</id>
  <tit>في البلاطة السوداء ومن أين يدخل الصخرة</tit>
  <lvl>1</lvl>
 </title>
 <title>
  <id>5</id>
  <tit>الفصل الثامن</tit>
  <lvl>1</lvl>
 </title>
 <title>
  <id>5</id>
  <tit>في قبة المعراج</tit>
  <lvl>1</lvl>
 </title>
 <title>
  <id>5</id>
  <tit>الفصل السابع</tit>
  <lvl>1</lvl>
 </title>
 <title>
  <id>6</id>
  <tit>وفضل من مات بها وبيت المقدس</tit>
  <lvl>1</lvl>
 </title>
 <title>
  <id>6</id>
  <tit>الفصل الثاني عشر</tit>
  <lvl>1</lvl>
 </title>
 <title>
  <id>6</id>
  <tit>ومن لم يدور</tit>
  <lvl>1</lvl>
 </title>
 <title>
  <id>6</id>
  <tit>الفصل الحادي عشر</tit>
  <lvl>1</lvl>
 </title>
 <title>
  <id>6</id>
  <tit>في فضل الساهرة</tit>
  <lvl>1</lvl>
 </title>
 <title>
  <id>6</id>
  <tit>الفصل العاشر</tit>
  <lvl>1</lvl>
 </title>
 <title>
  <id>6</id>
  <tit>وفضل جب الورقة</tit>
  <lvl>1</lvl>
 </title>
 <title>
  <id>6</id>
  <tit>في عين سلوان وبناء بيت المقدس</tit>
  <lvl>1</lvl>
 </title>
 <title>
  <id>6</id>
  <tit>الفصل التاسع</tit>
  <lvl>1</lvl>
 </title>
 <title>
  <id>6</id>
  <tit>فيمن رأى بدور تلك المواضع</tit>
  <lvl>1</lvl>
 </title>
 <title>
  <id>7</id>
  <tit>في جامع فضائل بيت المقدس</tit>
  <lvl>1</lvl>
 </title>
 <title>
  <id>9</id>
  <tit>عليه السلام</tit>
  <lvl>1</lvl>
 </title>
 <title>
  <id>9</id>
  <tit>الفصل الثالث عشر</tit>
  <lvl>1</lvl>
 </title>
 <title>
  <id>9</id>
  <tit>في زيارة قبر إبراهيم الخليل</tit>
  <lvl>1</lvl>
 </title>
</dataroot>
