<?xml version='1.0' encoding='UTF-8'?>
<dataroot>
 <title>
  <id>1</id>
  <tit>صلى الله على محمد وآله</tit>
  <lvl>2</lvl>
 </title>
 <title>
  <id>1</id>
  <tit>مقدمة</tit>
  <lvl>1</lvl>
 </title>
 <title>
  <id>1</id>
  <tit>بسم الله الرحمن الرحيم</tit>
  <lvl>1</lvl>
 </title>
 <title>
  <id>2</id>
  <tit>ذكر دخول الإمام عبد الرحمن بن معاوية الأندلس</tit>
  <lvl>1</lvl>
 </title>
 <title>
  <id>2</id>
  <tit>الإمام هشام بن عبد الرحمن</tit>
  <lvl>1</lvl>
 </title>
 <title>
  <id>2</id>
  <tit>الإمام الحكم بن هشام</tit>
  <lvl>1</lvl>
 </title>
 <title>
  <id>2</id>
  <tit>الإمام عبد الرحمن بن الحكم</tit>
  <lvl>1</lvl>
 </title>
 <title>
  <id>2</id>
  <tit>الإمام محمد بن عبد الرحمن</tit>
  <lvl>1</lvl>
 </title>
 <title>
  <id>3</id>
  <tit>أمير المؤمنين:</tit>
  <lvl>1</lvl>
 </title>
 <title>
  <id>3</id>
  <tit>باب إبراهيم</tit>
  <lvl>2</lvl>
 </title>
 <title>
  <id>3</id>
  <tit>حرف الألف</tit>
  <lvl>1</lvl>
 </title>
 <title>
  <id>3</id>
  <tit>هشام بن الحكم</tit>
  <lvl>1</lvl>
 </title>
 <title>
  <id>3</id>
  <tit>أمير المؤمنين: المؤيد بالله</tit>
  <lvl>1</lvl>
 </title>
 <title>
  <id>3</id>
  <tit>الحكم بن عبد الرحمن</tit>
  <lvl>1</lvl>
 </title>
 <title>
  <id>3</id>
  <tit>عبد الرحمن بن محمد الناصر لدين الله</tit>
  <lvl>1</lvl>
 </title>
 <title>
  <id>3</id>
  <tit>الأمير عبد الله بن محمد</tit>
  <lvl>1</lvl>
 </title>
 <title>
  <id>3</id>
  <tit>الإمام المنذر بن محمد</tit>
  <lvl>1</lvl>
 </title>
 <title>
  <id>3</id>
  <tit>أمير المؤمنين المستنصر بالله</tit>
  <lvl>1</lvl>
 </title>
 <title>
  <id>9</id>
  <tit>باب أبان</tit>
  <lvl>2</lvl>
 </title>
 <title>
  <id>9</id>
  <tit>باب أحمد</tit>
  <lvl>2</lvl>
 </title>
 <title>
  <id>26</id>
  <tit>باب إدريس</tit>
  <lvl>2</lvl>
 </title>
 <title>
  <id>26</id>
  <tit>باب إسماعيل</tit>
  <lvl>2</lvl>
 </title>
 <title>
  <id>28</id>
  <tit>باب إسحاق</tit>
  <lvl>2</lvl>
 </title>
 <title>
  <id>29</id>
  <tit>باب أسد</tit>
  <lvl>2</lvl>
 </title>
 <title>
  <id>30</id>
  <tit>باب الأسعد</tit>
  <lvl>2</lvl>
 </title>
 <title>
  <id>30</id>
  <tit>باب أصبغ</tit>
  <lvl>2</lvl>
 </title>
 <title>
  <id>30</id>
  <tit>باب أسامة</tit>
  <lvl>2</lvl>
 </title>
 <title>
  <id>32</id>
  <tit>باب أفلح</tit>
  <lvl>2</lvl>
 </title>
 <title>
  <id>33</id>
  <tit>باب أمية</tit>
  <lvl>2</lvl>
 </title>
 <title>
  <id>33</id>
  <tit>باب أيوب</tit>
  <lvl>2</lvl>
 </title>
 <title>
  <id>35</id>
  <tit>حرف الباء</tit>
  <lvl>1</lvl>
 </title>
 <title>
  <id>35</id>
  <tit>باب بقى</tit>
  <lvl>2</lvl>
 </title>
 <title>
  <id>36</id>
  <tit>باب بكر</tit>
  <lvl>2</lvl>
 </title>
 <title>
  <id>36</id>
  <tit>باب بدر</tit>
  <lvl>2</lvl>
 </title>
 <title>
  <id>37</id>
  <tit>الأفراد في حرف الباء</tit>
  <lvl>2</lvl>
 </title>
 <title>
  <id>37</id>
  <tit>باب الأفراد</tit>
  <lvl>2</lvl>
 </title>
 <title>
  <id>37</id>
  <tit>حرف التاء</tit>
  <lvl>1</lvl>
 </title>
 <title>
  <id>37</id>
  <tit>باب تمام</tit>
  <lvl>2</lvl>
 </title>
 <title>
  <id>38</id>
  <tit>حرف الثاء</tit>
  <lvl>1</lvl>
 </title>
 <title>
  <id>38</id>
  <tit>باب ثابت</tit>
  <lvl>2</lvl>
 </title>
 <title>
  <id>38</id>
  <tit>حرف الجيم</tit>
  <lvl>1</lvl>
 </title>
 <title>
  <id>38</id>
  <tit>باب جابر</tit>
  <lvl>2</lvl>
 </title>
 <title>
  <id>39</id>
  <tit>باب جعفر</tit>
  <lvl>2</lvl>
 </title>
 <title>
  <id>39</id>
  <tit>حرف الحاء</tit>
  <lvl>1</lvl>
 </title>
 <title>
  <id>39</id>
  <tit>باب حارث</tit>
  <lvl>2</lvl>
 </title>
 <title>
  <id>40</id>
  <tit>باب حسن</tit>
  <lvl>2</lvl>
 </title>
 <title>
  <id>40</id>
  <tit>باب حاتم</tit>
  <lvl>2</lvl>
 </title>
 <title>
  <id>40</id>
  <tit>باب حباب</tit>
  <lvl>2</lvl>
 </title>
 <title>
  <id>42</id>
  <tit>باب حسين</tit>
  <lvl>2</lvl>
 </title>
 <title>
  <id>43</id>
  <tit>باب حسان</tit>
  <lvl>2</lvl>
 </title>
 <title>
  <id>43</id>
  <tit>باب حزم</tit>
  <lvl>2</lvl>
 </title>
 <title>
  <id>44</id>
  <tit>باب حفص</tit>
  <lvl>2</lvl>
 </title>
 <title>
  <id>45</id>
  <tit>باب حكم</tit>
  <lvl>2</lvl>
 </title>
 <title>
  <id>45</id>
  <tit>باب حمدون</tit>
  <lvl>2</lvl>
 </title>
 <title>
  <id>46</id>
  <tit>باب الأفراد في حرف الحاء</tit>
  <lvl>2</lvl>
 </title>
 <title>
  <id>49</id>
  <tit>حرف الخاء</tit>
  <lvl>1</lvl>
 </title>
 <title>
  <id>49</id>
  <tit>باب خالد</tit>
  <lvl>2</lvl>
 </title>
 <title>
  <id>50</id>
  <tit>باب خطاب</tit>
  <lvl>2</lvl>
 </title>
 <title>
  <id>50</id>
  <tit>باب خلف</tit>
  <lvl>2</lvl>
 </title>
 <title>
  <id>52</id>
  <tit>باب خليل</tit>
  <lvl>2</lvl>
 </title>
 <title>
  <id>53</id>
  <tit>باب الأفراد في حرف الخاء</tit>
  <lvl>2</lvl>
 </title>
 <title>
  <id>53</id>
  <tit>حرف الدال</tit>
  <lvl>1</lvl>
 </title>
 <title>
  <id>53</id>
  <tit>باب داوود</tit>
  <lvl>2</lvl>
 </title>
 <title>
  <id>55</id>
  <tit>باب دحيم</tit>
  <lvl>2</lvl>
 </title>
 <title>
  <id>55</id>
  <tit>حرف الذال</tit>
  <lvl>1</lvl>
 </title>
 <title>
  <id>55</id>
  <tit>باب ذوالة</tit>
  <lvl>2</lvl>
 </title>
 <title>
  <id>55</id>
  <tit>حرف الراء</tit>
  <lvl>1</lvl>
 </title>
 <title>
  <id>55</id>
  <tit>أسماء مفردة</tit>
  <lvl>2</lvl>
 </title>
 <title>
  <id>56</id>
  <tit>باب زكرياء</tit>
  <lvl>2</lvl>
 </title>
 <title>
  <id>56</id>
  <tit>حرف الزاي</tit>
  <lvl>1</lvl>
 </title>
 <title>
  <id>57</id>
  <tit>باب زهير</tit>
  <lvl>2</lvl>
 </title>
 <title>
  <id>57</id>
  <tit>من الغرباء في هذا الباب</tit>
  <lvl>2</lvl>
 </title>
 <title>
  <id>58</id>
  <tit>باب زياد</tit>
  <lvl>2</lvl>
 </title>
 <title>
  <id>58</id>
  <tit>باب زيد</tit>
  <lvl>2</lvl>
 </title>
 <title>
  <id>58</id>
  <tit>من الغرباء في هذا الباب</tit>
  <lvl>2</lvl>
 </title>
 <title>
  <id>59</id>
  <tit>باب الأفراد</tit>
  <lvl>2</lvl>
 </title>
 <title>
  <id>60</id>
  <tit>حرف السين</tit>
  <lvl>1</lvl>
 </title>
 <title>
  <id>60</id>
  <tit>باب سعيد</tit>
  <lvl>2</lvl>
 </title>
 <title>
  <id>67</id>
  <tit>باب سعد</tit>
  <lvl>2</lvl>
 </title>
 <title>
  <id>68</id>
  <tit>باب سعدان</tit>
  <lvl>2</lvl>
 </title>
 <title>
  <id>68</id>
  <tit>باب سعدون</tit>
  <lvl>2</lvl>
 </title>
 <title>
  <id>69</id>
  <tit>باب سليمان</tit>
  <lvl>2</lvl>
 </title>
 <title>
  <id>71</id>
  <tit>باب سلمة</tit>
  <lvl>2</lvl>
 </title>
 <title>
  <id>71</id>
  <tit>باب سهل</tit>
  <lvl>2</lvl>
 </title>
 <title>
  <id>72</id>
  <tit>باب سيد أبيه</tit>
  <lvl>2</lvl>
 </title>
 <title>
  <id>72</id>
  <tit>باب الأفراد</tit>
  <lvl>2</lvl>
 </title>
 <title>
  <id>73</id>
  <tit>حرف الشين</tit>
  <lvl>1</lvl>
 </title>
 <title>
  <id>73</id>
  <tit>باب شعيب</tit>
  <lvl>2</lvl>
 </title>
 <title>
  <id>73</id>
  <tit>باب شيبان</tit>
  <lvl>2</lvl>
 </title>
 <title>
  <id>73</id>
  <tit>باب شمر</tit>
  <lvl>2</lvl>
 </title>
 <title>
  <id>74</id>
  <tit>باب صهيب</tit>
  <lvl>2</lvl>
 </title>
 <title>
  <id>74</id>
  <tit>حرف الصاد</tit>
  <lvl>1</lvl>
 </title>
 <title>
  <id>74</id>
  <tit>باب صالح</tit>
  <lvl>2</lvl>
 </title>
 <title>
  <id>76</id>
  <tit>أفراد</tit>
  <lvl>2</lvl>
 </title>
 <title>
  <id>76</id>
  <tit>حرف الطاء</tit>
  <lvl>1</lvl>
 </title>
 <title>
  <id>76</id>
  <tit>باب طاهر</tit>
  <lvl>2</lvl>
 </title>
 <title>
  <id>76</id>
  <tit>حرف الضاد</tit>
  <lvl>1</lvl>
 </title>
 <title>
  <id>77</id>
  <tit>حرف الظاء</tit>
  <lvl>1</lvl>
 </title>
 <title>
  <id>77</id>
  <tit>حرف العين</tit>
  <lvl>1</lvl>
 </title>
 <title>
  <id>77</id>
  <tit>باب عامر</tit>
  <lvl>2</lvl>
 </title>
 <title>
  <id>78</id>
  <tit>باب عبد الله</tit>
  <lvl>2</lvl>
 </title>
 <title>
  <id>93</id>
  <tit>باب عبيد الله</tit>
  <lvl>2</lvl>
 </title>
 <title>
  <id>95</id>
  <tit>باب عبد الرحمن</tit>
  <lvl>2</lvl>
 </title>
 <title>
  <id>100</id>
  <tit>باب عبد الملك</tit>
  <lvl>2</lvl>
 </title>
 <title>
  <id>103</id>
  <tit>باب عبد العزيز</tit>
  <lvl>2</lvl>
 </title>
 <title>
  <id>104</id>
  <tit>باب عبد الأعلى</tit>
  <lvl>2</lvl>
 </title>
 <title>
  <id>105</id>
  <tit>باب عبد الجبار</tit>
  <lvl>2</lvl>
 </title>
 <title>
  <id>106</id>
  <tit>باب عبد الوهاب</tit>
  <lvl>2</lvl>
 </title>
 <title>
  <id>106</id>
  <tit>باب عبدالسلام</tit>
  <lvl>2</lvl>
 </title>
 <title>
  <id>107</id>
  <tit>باب عبد الواحد</tit>
  <lvl>2</lvl>
 </title>
 <title>
  <id>108</id>
  <tit>باب عبد الحميد</tit>
  <lvl>2</lvl>
 </title>
 <title>
  <id>108</id>
  <tit>باب عبد الكريم</tit>
  <lvl>2</lvl>
 </title>
 <title>
  <id>108</id>
  <tit>باب عبد المجيد</tit>
  <lvl>2</lvl>
 </title>
 <title>
  <id>108</id>
  <tit>باب عبد القادر</tit>
  <lvl>2</lvl>
 </title>
 <title>
  <id>108</id>
  <tit>باب عبد البر</tit>
  <lvl>2</lvl>
 </title>
 <title>
  <id>109</id>
  <tit>باب الأفراد من المعبدين</tit>
  <lvl>2</lvl>
 </title>
 <title>
  <id>109</id>
  <tit>باب عباس</tit>
  <lvl>2</lvl>
 </title>
 <title>
  <id>111</id>
  <tit>باب عتاب</tit>
  <lvl>2</lvl>
 </title>
 <title>
  <id>111</id>
  <tit>باب عثمان</tit>
  <lvl>2</lvl>
 </title>
 <title>
  <id>114</id>
  <tit>باب علي</tit>
  <lvl>2</lvl>
 </title>
 <title>
  <id>114</id>
  <tit>باب عجنس</tit>
  <lvl>2</lvl>
 </title>
 <title>
  <id>114</id>
  <tit>باب عفان</tit>
  <lvl>2</lvl>
 </title>
 <title>
  <id>118</id>
  <tit>باب عمرو</tit>
  <lvl>2</lvl>
 </title>
 <title>
  <id>118</id>
  <tit>باب عمر</tit>
  <lvl>2</lvl>
 </title>
 <title>
  <id>121</id>
  <tit>باب عمران</tit>
  <lvl>2</lvl>
 </title>
 <title>
  <id>121</id>
  <tit>باب عميرة</tit>
  <lvl>2</lvl>
 </title>
 <title>
  <id>121</id>
  <tit>باب علاء</tit>
  <lvl>2</lvl>
 </title>
 <title>
  <id>122</id>
  <tit>باب عيسى</tit>
  <lvl>2</lvl>
 </title>
 <title>
  <id>125</id>
  <tit>باب عيشون</tit>
  <lvl>2</lvl>
 </title>
 <title>
  <id>127</id>
  <tit>باب غالب</tit>
  <lvl>2</lvl>
 </title>
 <title>
  <id>127</id>
  <tit>باب غانم</tit>
  <lvl>2</lvl>
 </title>
 <title>
  <id>127</id>
  <tit>باب الغازي</tit>
  <lvl>2</lvl>
 </title>
 <title>
  <id>127</id>
  <tit>حرف الغين</tit>
  <lvl>1</lvl>
 </title>
 <title>
  <id>128</id>
  <tit>باب فتح</tit>
  <lvl>2</lvl>
 </title>
 <title>
  <id>128</id>
  <tit>باب فرج</tit>
  <lvl>2</lvl>
 </title>
 <title>
  <id>128</id>
  <tit>حرف الفاء</tit>
  <lvl>1</lvl>
 </title>
 <title>
  <id>129</id>
  <tit>باب فضل</tit>
  <lvl>2</lvl>
 </title>
 <title>
  <id>130</id>
  <tit>باب الأفراد من الفاء</tit>
  <lvl>2</lvl>
 </title>
 <title>
  <id>130</id>
  <tit>حرف القاف</tit>
  <lvl>1</lvl>
 </title>
 <title>
  <id>130</id>
  <tit>باب قاسم</tit>
  <lvl>2</lvl>
 </title>
 <title>
  <id>137</id>
  <tit>الأفراد من حرف القاف</tit>
  <lvl>2</lvl>
 </title>
 <title>
  <id>138</id>
  <tit>الأفراد</tit>
  <lvl>2</lvl>
 </title>
 <title>
  <id>138</id>
  <tit>باب مالك</tit>
  <lvl>2</lvl>
 </title>
 <title>
  <id>138</id>
  <tit>حرف الميم</tit>
  <lvl>1</lvl>
 </title>
 <title>
  <id>138</id>
  <tit>باب اللام</tit>
  <lvl>1</lvl>
 </title>
 <title>
  <id>138</id>
  <tit>حرف الكاف</tit>
  <lvl>1</lvl>
 </title>
 <title>
  <id>138</id>
  <tit>باب لب</tit>
  <lvl>2</lvl>
 </title>
 <title>
  <id>138</id>
  <tit>أفراد</tit>
  <lvl>2</lvl>
 </title>
 <title>
  <id>139</id>
  <tit>من اسمه محمد</tit>
  <lvl>2</lvl>
 </title>
 <title>
  <id>181</id>
  <tit>ومن الغرباء</tit>
  <lvl>2</lvl>
 </title>
 <title>
  <id>184</id>
  <tit>باب محارب</tit>
  <lvl>2</lvl>
 </title>
 <title>
  <id>184</id>
  <tit>باب محبوب</tit>
  <lvl>2</lvl>
 </title>
 <title>
  <id>185</id>
  <tit>باب مروان</tit>
  <lvl>2</lvl>
 </title>
 <title>
  <id>185</id>
  <tit>باب محفوظ</tit>
  <lvl>2</lvl>
 </title>
 <title>
  <id>185</id>
  <tit>باب محمود</tit>
  <lvl>2</lvl>
 </title>
 <title>
  <id>186</id>
  <tit>باب مسلم</tit>
  <lvl>2</lvl>
 </title>
 <title>
  <id>187</id>
  <tit>باب مسلمة</tit>
  <lvl>2</lvl>
 </title>
 <title>
  <id>188</id>
  <tit>باب مسعود</tit>
  <lvl>2</lvl>
 </title>
 <title>
  <id>188</id>
  <tit>باب مسرور</tit>
  <lvl>2</lvl>
 </title>
 <title>
  <id>189</id>
  <tit>باب مصعب</tit>
  <lvl>2</lvl>
 </title>
 <title>
  <id>189</id>
  <tit>باب مطرف</tit>
  <lvl>2</lvl>
 </title>
 <title>
  <id>190</id>
  <tit>باب معاوية</tit>
  <lvl>2</lvl>
 </title>
 <title>
  <id>191</id>
  <tit>باب مفرج</tit>
  <lvl>2</lvl>
 </title>
 <title>
  <id>191</id>
  <tit>باب منذر</tit>
  <lvl>2</lvl>
 </title>
 <title>
  <id>192</id>
  <tit>باب موسى</tit>
  <lvl>2</lvl>
 </title>
 <title>
  <id>194</id>
  <tit>باب الأفراد من حرف الميم</tit>
  <lvl>2</lvl>
 </title>
 <title>
  <id>197</id>
  <tit>الأفراد من حرف النون</tit>
  <lvl>2</lvl>
 </title>
 <title>
  <id>197</id>
  <tit>باب نصر</tit>
  <lvl>2</lvl>
 </title>
 <title>
  <id>197</id>
  <tit>حرف النون</tit>
  <lvl>1</lvl>
 </title>
 <title>
  <id>198</id>
  <tit>حرف الواو</tit>
  <lvl>1</lvl>
 </title>
 <title>
  <id>198</id>
  <tit>باب وليد</tit>
  <lvl>2</lvl>
 </title>
 <title>
  <id>199</id>
  <tit>باب وهب</tit>
  <lvl>2</lvl>
 </title>
 <title>
  <id>200</id>
  <tit>الأفراد</tit>
  <lvl>2</lvl>
 </title>
 <title>
  <id>200</id>
  <tit>من الغرباء</tit>
  <lvl>2</lvl>
 </title>
 <title>
  <id>200</id>
  <tit>حرف الهاء</tit>
  <lvl>1</lvl>
 </title>
 <title>
  <id>200</id>
  <tit>باب هارون</tit>
  <lvl>2</lvl>
 </title>
 <title>
  <id>201</id>
  <tit>باب هاشم</tit>
  <lvl>2</lvl>
 </title>
 <title>
  <id>202</id>
  <tit>باب هشام</tit>
  <lvl>2</lvl>
 </title>
 <title>
  <id>203</id>
  <tit>حرف الياء</tit>
  <lvl>1</lvl>
 </title>
 <title>
  <id>203</id>
  <tit>باب يحيى</tit>
  <lvl>2</lvl>
 </title>
 <title>
  <id>203</id>
  <tit>باب الأفراد في الهاء</tit>
  <lvl>2</lvl>
 </title>
 <title>
  <id>211</id>
  <tit>من الغرباء</tit>
  <lvl>2</lvl>
 </title>
 <title>
  <id>211</id>
  <tit>باب يزيد</tit>
  <lvl>2</lvl>
 </title>
 <title>
  <id>212</id>
  <tit>باب يعيش</tit>
  <lvl>2</lvl>
 </title>
 <title>
  <id>212</id>
  <tit>باب يمن</tit>
  <lvl>2</lvl>
 </title>
 <title>
  <id>213</id>
  <tit>باب يوسف</tit>
  <lvl>2</lvl>
 </title>
 <title>
  <id>216</id>
  <tit>من الأفراد</tit>
  <lvl>2</lvl>
 </title>
 <title>
  <id>216</id>
  <tit>باب يونس</tit>
  <lvl>2</lvl>
 </title>
</dataroot>
