<?xml version='1.0' encoding='UTF-8'?>
<dataroot>
 <title>
  <id>2</id>
  <tit>الجزء الثاني من تاريخ بني العباس</tit>
  <lvl>1</lvl>
 </title>
 <title>
  <id>2</id>
  <tit>الفصل الثاني في ذكر الاخيار والصلحاء والمنتسبين بهم</tit>
  <lvl>1</lvl>
 </title>
 <title>
  <id>2</id>
  <tit>ابو الفتوح احمد الغزالي ه</tit>
  <lvl>1</lvl>
 </title>
 <title>
  <id>7</id>
  <tit>الإمام أبو العباس الزرزاري ه</tit>
  <lvl>1</lvl>
 </title>
 <title>
  <id>10</id>
  <tit>أبو المظفر الخزاعي ه</tit>
  <lvl>1</lvl>
 </title>
 <title>
  <id>16</id>
  <tit>أبو الحسن علي بن محمد بن طاهر الخزاعي القرن السادس السابع</tit>
  <lvl>1</lvl>
 </title>
 <title>
  <id>19</id>
  <tit>أبو الليث بن أبي سعد بن أبي الليث الإربلي بعد سنة ه</tit>
  <lvl>1</lvl>
 </title>
 <title>
  <id>19</id>
  <tit>محمد بن الحسين الإربلي بعد سنة ه</tit>
  <lvl>1</lvl>
 </title>
 <title>
  <id>19</id>
  <tit>سعيد بن أفشين الإربلي بعد سنة ه</tit>
  <lvl>1</lvl>
 </title>
 <title>
  <id>19</id>
  <tit>أبو بكر محمد بن علي الإربلي بعد سنة ه</tit>
  <lvl>1</lvl>
 </title>
 <title>
  <id>20</id>
  <tit>أبو محمد أميري بن بختيار ه</tit>
  <lvl>1</lvl>
 </title>
 <title>
  <id>22</id>
  <tit>الشيخ علي ابن الهيتي ه</tit>
  <lvl>1</lvl>
 </title>
 <title>
  <id>22</id>
  <tit>الشيخ أبو عبد الله الحسين القرن السادس</tit>
  <lvl>1</lvl>
 </title>
 <title>
  <id>24</id>
  <tit>أبو الحسن علي ابن القاضي بعد سنة ه</tit>
  <lvl>1</lvl>
 </title>
 <title>
  <id>25</id>
  <tit>الشيخ العدل أبو محمد الموصلي ه</tit>
  <lvl>1</lvl>
 </title>
 <title>
  <id>32</id>
  <tit>أبو حفص عمر بن شماس الخزرجي ه</tit>
  <lvl>1</lvl>
 </title>
 <title>
  <id>39</id>
  <tit>أبو بكر محمد بن إبراهيم بعد سنة ه</tit>
  <lvl>1</lvl>
 </title>
 <title>
  <id>41</id>
  <tit>ابن الأردخل المعروف بابن خميسة بعد سنة ه</tit>
  <lvl>1</lvl>
 </title>
 <title>
  <id>43</id>
  <tit>العدل أبو القاسم الاربلي ه</tit>
  <lvl>1</lvl>
 </title>
 <title>
  <id>49</id>
  <tit>أبو محمد جعفر العباسي ه</tit>
  <lvl>1</lvl>
 </title>
 <title>
  <id>49</id>
  <tit>القاضي المراغي بعد سنة ه</tit>
  <lvl>1</lvl>
 </title>
 <title>
  <id>51</id>
  <tit>المغربي القرن السادس السابع</tit>
  <lvl>1</lvl>
 </title>
 <title>
  <id>52</id>
  <tit>الواعظ المصري ه</tit>
  <lvl>1</lvl>
 </title>
 <title>
  <id>52</id>
  <tit>أبو بكر محمد بن محمد بن علي بن غياث بعد سنة ه</tit>
  <lvl>1</lvl>
 </title>
 <title>
  <id>52</id>
  <tit>أبو عبد الله الضرير القرن السادس</tit>
  <lvl>1</lvl>
 </title>
 <title>
  <id>53</id>
  <tit>أبو علي بن علوي ه</tit>
  <lvl>1</lvl>
 </title>
 <title>
  <id>55</id>
  <tit>القاضي الأحدب القرن السادس</tit>
  <lvl>1</lvl>
 </title>
 <title>
  <id>55</id>
  <tit>مؤمنة العالمة القرن السادس</tit>
  <lvl>1</lvl>
 </title>
 <title>
  <id>56</id>
  <tit>يوسف أو سيف بن محمد أ الزيلعي ه</tit>
  <lvl>1</lvl>
 </title>
 <title>
  <id>56</id>
  <tit>أبو البركان المزيدي بعد سنة ه</tit>
  <lvl>1</lvl>
 </title>
 <title>
  <id>58</id>
  <tit>أبو عبد الله الزهري ه</tit>
  <lvl>1</lvl>
 </title>
 <title>
  <id>59</id>
  <tit>أبو الحسن علي بن محمد بن محمود بعد سنة ه</tit>
  <lvl>1</lvl>
 </title>
 <title>
  <id>63</id>
  <tit>الشريف العباسي</tit>
  <lvl>1</lvl>
 </title>
 <title>
  <id>64</id>
  <tit>أبو بكر عبد العزيز الجيلي</tit>
  <lvl>1</lvl>
 </title>
 <title>
  <id>65</id>
  <tit>أبو القاسم محمد ابن تيمية ه</tit>
  <lvl>1</lvl>
 </title>
 <title>
  <id>69</id>
  <tit>قاضي بيلقان بعد سنة ه</tit>
  <lvl>1</lvl>
 </title>
 <title>
  <id>70</id>
  <tit>الشيخ أبو أحمد الزاهد المعروف بابن الحداد ه</tit>
  <lvl>1</lvl>
 </title>
 <title>
  <id>72</id>
  <tit>أبو القاسم المطهر النوزكاثي ه</tit>
  <lvl>1</lvl>
 </title>
 <title>
  <id>74</id>
  <tit>أبو الفضل محمد السقسيني بعد سنة ه</tit>
  <lvl>1</lvl>
 </title>
 <title>
  <id>76</id>
  <tit>أبو النجيب السهروردي ه</tit>
  <lvl>1</lvl>
 </title>
 <title>
  <id>81</id>
  <tit>أبو عبد الله البستي ه</tit>
  <lvl>1</lvl>
 </title>
 <title>
  <id>83</id>
  <tit>الشيخ عدي بن سافر الهكاري ه</tit>
  <lvl>1</lvl>
 </title>
 <title>
  <id>85</id>
  <tit>أبو محمد الحسن بن عدي ه</tit>
  <lvl>1</lvl>
 </title>
 <title>
  <id>90</id>
  <tit>أبو محمد الاربلي ه</tit>
  <lvl>1</lvl>
 </title>
 <title>
  <id>90</id>
  <tit>الخطيب السنجاري بعد سنة ه</tit>
  <lvl>1</lvl>
 </title>
 <title>
  <id>90</id>
  <tit>الشريف الكنجي القرن السادس</tit>
  <lvl>1</lvl>
 </title>
 <title>
  <id>91</id>
  <tit>أبو بكر محمد الحازمي ه</tit>
  <lvl>1</lvl>
 </title>
 <title>
  <id>92</id>
  <tit>الحافظ أبو يعقوب ه</tit>
  <lvl>1</lvl>
 </title>
 <title>
  <id>94</id>
  <tit>أبو بكر محمد بن أحمد الأرموي ه</tit>
  <lvl>1</lvl>
 </title>
 <title>
  <id>95</id>
  <tit>أبو الثناء محمود اللبان ه</tit>
  <lvl>1</lvl>
 </title>
 <title>
  <id>98</id>
  <tit>أبو القاسم عبد الرحمن ابن الغسال ه</tit>
  <lvl>1</lvl>
 </title>
 <title>
  <id>100</id>
  <tit>الحافظ عبد القادر الرهاوي ه</tit>
  <lvl>1</lvl>
 </title>
 <title>
  <id>102</id>
  <tit>أبو الفتوح محمد البكري ه</tit>
  <lvl>1</lvl>
 </title>
 <title>
  <id>103</id>
  <tit>ابن القطيعي ه</tit>
  <lvl>1</lvl>
 </title>
 <title>
  <id>103</id>
  <tit>أبو يحيى الجيلي بعد سنة ه</tit>
  <lvl>1</lvl>
 </title>
 <title>
  <id>105</id>
  <tit>الامام الصالح أبو حامد التبريزي بعد سنة ه</tit>
  <lvl>1</lvl>
 </title>
 <title>
  <id>107</id>
  <tit>أبو الفرج الواسطي ه</tit>
  <lvl>1</lvl>
 </title>
 <title>
  <id>110</id>
  <tit>أبو الربيع سليمان المكي ه</tit>
  <lvl>1</lvl>
 </title>
 <title>
  <id>113</id>
  <tit>أبو محمد بدل بن أبي المعمر ه</tit>
  <lvl>1</lvl>
 </title>
 <title>
  <id>120</id>
  <tit>أبو الحسن علي بن أبي بكر ه</tit>
  <lvl>1</lvl>
 </title>
 <title>
  <id>123</id>
  <tit>الشيخ أبو المجد إسماعيل القرن السادس</tit>
  <lvl>1</lvl>
 </title>
 <title>
  <id>124</id>
  <tit>أبو إسحق إبراهيم الحربي ه</tit>
  <lvl>1</lvl>
 </title>
 <title>
  <id>126</id>
  <tit>ابن ملاعب ه</tit>
  <lvl>1</lvl>
 </title>
 <title>
  <id>127</id>
  <tit>القاضي المهاني ه</tit>
  <lvl>1</lvl>
 </title>
 <title>
  <id>128</id>
  <tit>ابن طبرزد ه</tit>
  <lvl>1</lvl>
 </title>
 <title>
  <id>131</id>
  <tit>حنبل ه</tit>
  <lvl>1</lvl>
 </title>
 <title>
  <id>132</id>
  <tit>أبو عبد الله الحسين البغدادي القرن السادس</tit>
  <lvl>1</lvl>
 </title>
 <title>
  <id>133</id>
  <tit>أبو المعالي محمد بن وهب ه</tit>
  <lvl>1</lvl>
 </title>
 <title>
  <id>134</id>
  <tit>أبو طاهر الأنماطي ه</tit>
  <lvl>1</lvl>
 </title>
 <title>
  <id>134</id>
  <tit>أبو العباس النفزي بعد سنة ه</tit>
  <lvl>1</lvl>
 </title>
 <title>
  <id>136</id>
  <tit>أبو الحسن علي بن أبي منصور بعد سنة ه</tit>
  <lvl>1</lvl>
 </title>
 <title>
  <id>137</id>
  <tit>سلمان بن يحيى بعد سنة ه</tit>
  <lvl>1</lvl>
 </title>
 <title>
  <id>137</id>
  <tit>أبو عبد الله محمد بن عمر المقدسي ه</tit>
  <lvl>1</lvl>
 </title>
 <title>
  <id>138</id>
  <tit>أبو الفداء إسماعيل بن محمد بن موهوب بن محمد الصوفي الجزري بعد</tit>
  <lvl>1</lvl>
 </title>
 <title>
  <id>139</id>
  <tit>أبو الهيجاء علي بن خليفان ه</tit>
  <lvl>1</lvl>
 </title>
 <title>
  <id>140</id>
  <tit>أبو محمد بن أبي النجيب ه</tit>
  <lvl>1</lvl>
 </title>
 <title>
  <id>141</id>
  <tit>أبو علي بن خل ه</tit>
  <lvl>1</lvl>
 </title>
 <title>
  <id>141</id>
  <tit>علي بن يحيى العمري القرن السادس</tit>
  <lvl>1</lvl>
 </title>
 <title>
  <id>142</id>
  <tit>أبو المعالي ابن سبنبوا ه</tit>
  <lvl>1</lvl>
 </title>
 <title>
  <id>142</id>
  <tit>أبو المناقب القزويني ه</tit>
  <lvl>1</lvl>
 </title>
 <title>
  <id>146</id>
  <tit>ابن الحراني ه</tit>
  <lvl>1</lvl>
 </title>
 <title>
  <id>147</id>
  <tit>العدل صدقة بن محمد ه</tit>
  <lvl>1</lvl>
 </title>
 <title>
  <id>148</id>
  <tit>الشيخ إسماعيل الخياط ه</tit>
  <lvl>1</lvl>
 </title>
 <title>
  <id>149</id>
  <tit>أبو بكر محمد بن الحسن بعد سنة ه</tit>
  <lvl>1</lvl>
 </title>
 <title>
  <id>150</id>
  <tit>الخطيب الطوسي ه</tit>
  <lvl>1</lvl>
 </title>
 <title>
  <id>151</id>
  <tit>أبو عمرو بن جلدك الموصلي ه</tit>
  <lvl>1</lvl>
 </title>
 <title>
  <id>152</id>
  <tit>أبو عبد الله الحسين بن باز ه</tit>
  <lvl>1</lvl>
 </title>
 <title>
  <id>153</id>
  <tit>أبو الثناء محمود الصائغ ه</tit>
  <lvl>1</lvl>
 </title>
 <title>
  <id>154</id>
  <tit>عبد الله بن أبي المظفر ه</tit>
  <lvl>1</lvl>
 </title>
 <title>
  <id>154</id>
  <tit>أبو العباس الخضر بن علي ه</tit>
  <lvl>1</lvl>
 </title>
 <title>
  <id>156</id>
  <tit>أبو الفتح الجصاص ه</tit>
  <lvl>1</lvl>
 </title>
 <title>
  <id>157</id>
  <tit>أبو المكارم الكرماني بعد سنة ه</tit>
  <lvl>1</lvl>
 </title>
 <title>
  <id>159</id>
  <tit>أبو عبد الله محمد بن بختيار ه</tit>
  <lvl>1</lvl>
 </title>
 <title>
  <id>160</id>
  <tit>أبو الفضل الطبري ه</tit>
  <lvl>1</lvl>
 </title>
 <title>
  <id>160</id>
  <tit>أبو بكر محمد الأصبهاني بعد سنة ه</tit>
  <lvl>1</lvl>
 </title>
 <title>
  <id>161</id>
  <tit>السهروردي ه</tit>
  <lvl>1</lvl>
 </title>
 <title>
  <id>163</id>
  <tit>أبو عبد الله محمد بن الدبيثي ه</tit>
  <lvl>1</lvl>
 </title>
 <title>
  <id>164</id>
  <tit>الحسين الضرير ه</tit>
  <lvl>1</lvl>
 </title>
 <title>
  <id>166</id>
  <tit>ابن الطباخ الواسطي ه</tit>
  <lvl>1</lvl>
 </title>
 <title>
  <id>167</id>
  <tit>مسمار بن العويس النيار ه</tit>
  <lvl>1</lvl>
 </title>
 <title>
  <id>168</id>
  <tit>سبط أبي العلاء الهمذاني بعد سنة ه</tit>
  <lvl>1</lvl>
 </title>
 <title>
  <id>168</id>
  <tit>عبد الرشيد الآملي بعد سنة ه</tit>
  <lvl>1</lvl>
 </title>
 <title>
  <id>170</id>
  <tit>القاسم الشهر زوري ه</tit>
  <lvl>1</lvl>
 </title>
 <title>
  <id>172</id>
  <tit>محمد بن القاسم بن المظفر بن علي بن الشهروزوري ه</tit>
  <lvl>1</lvl>
 </title>
 <title>
  <id>176</id>
  <tit>سليمان بن جروان ه</tit>
  <lvl>1</lvl>
 </title>
 <title>
  <id>176</id>
  <tit>أبو نصر بن محمد الحديثي ه</tit>
  <lvl>1</lvl>
 </title>
 <title>
  <id>178</id>
  <tit>أبو طالب القاضي ه</tit>
  <lvl>1</lvl>
 </title>
 <title>
  <id>179</id>
  <tit>أبو المعالي عبد الملك بن أبي طالب روح بن أحمد الحديثي ه</tit>
  <lvl>1</lvl>
 </title>
 <title>
  <id>180</id>
  <tit>أبو نصر أحمد بن علي بن أحمد المشتكهري أ القرن السادس</tit>
  <lvl>1</lvl>
 </title>
 <title>
  <id>180</id>
  <tit>أبو بكر محمد بن سعيد الضرير الاربلي بعد سنة ه</tit>
  <lvl>1</lvl>
 </title>
 <title>
  <id>180</id>
  <tit>المظفر بن الشهرزوري ه</tit>
  <lvl>1</lvl>
 </title>
 <title>
  <id>181</id>
  <tit>أبو العرب القرن السادس</tit>
  <lvl>1</lvl>
 </title>
 <title>
  <id>182</id>
  <tit>أبو الحسن البغدادي ه</tit>
  <lvl>1</lvl>
 </title>
 <title>
  <id>182</id>
  <tit>أبو اسحق إبراهيم بن مسلم القرن السادس</tit>
  <lvl>1</lvl>
 </title>
 <title>
  <id>183</id>
  <tit>محمد بن إبراهيم ه</tit>
  <lvl>1</lvl>
 </title>
 <title>
  <id>184</id>
  <tit>عبد العزيز الكفر عزي القرن السادس</tit>
  <lvl>1</lvl>
 </title>
 <title>
  <id>184</id>
  <tit>أبو إسحق الماراني ه</tit>
  <lvl>1</lvl>
 </title>
 <title>
  <id>185</id>
  <tit>أبو عبد الرحيم عسكر ه</tit>
  <lvl>1</lvl>
 </title>
 <title>
  <id>188</id>
  <tit>أبو الطيب البجاري ه</tit>
  <lvl>1</lvl>
 </title>
 <title>
  <id>189</id>
  <tit>فرقد الكناني بعد سنة ه</tit>
  <lvl>1</lvl>
 </title>
 <title>
  <id>190</id>
  <tit>الشيخ الحسين الكيلي القرن السادس</tit>
  <lvl>1</lvl>
 </title>
 <title>
  <id>192</id>
  <tit>الشيخ حسن الإزلي القرن السادس</tit>
  <lvl>1</lvl>
 </title>
 <title>
  <id>192</id>
  <tit>ابن هلالة المغربي ه</tit>
  <lvl>1</lvl>
 </title>
 <title>
  <id>193</id>
  <tit>ابن الأصفر ه</tit>
  <lvl>1</lvl>
 </title>
 <title>
  <id>194</id>
  <tit>المقرئ الشهرستاني ه</tit>
  <lvl>1</lvl>
 </title>
 <title>
  <id>195</id>
  <tit>سبط ابن المهتدي بعد سنة ه</tit>
  <lvl>1</lvl>
 </title>
 <title>
  <id>196</id>
  <tit>القاضي إبن ياسين بعد سنة ه</tit>
  <lvl>1</lvl>
 </title>
 <title>
  <id>198</id>
  <tit>ليث بن المظفر القرن السادس</tit>
  <lvl>1</lvl>
 </title>
 <title>
  <id>199</id>
  <tit>أبو العباس الزرزاري بعد سنة ه</tit>
  <lvl>1</lvl>
 </title>
 <title>
  <id>199</id>
  <tit>االشريف البغدادى القرن السابع</tit>
  <lvl>1</lvl>
 </title>
 <title>
  <id>201</id>
  <tit>أبو العباس بن شجاع ه</tit>
  <lvl>1</lvl>
 </title>
 <title>
  <id>203</id>
  <tit>عمر الدنيسرى ه</tit>
  <lvl>1</lvl>
 </title>
 <title>
  <id>204</id>
  <tit>ابن عساكر الدمشقي ه</tit>
  <lvl>1</lvl>
 </title>
 <title>
  <id>206</id>
  <tit>أبو محمد الحنفي ه</tit>
  <lvl>1</lvl>
 </title>
 <title>
  <id>207</id>
  <tit>راجية بنت عبد الله ه</tit>
  <lvl>1</lvl>
 </title>
 <title>
  <id>208</id>
  <tit>ابن المشترى البغدادي ه</tit>
  <lvl>1</lvl>
 </title>
 <title>
  <id>211</id>
  <tit>ابن الطالباني ه</tit>
  <lvl>1</lvl>
 </title>
 <title>
  <id>212</id>
  <tit>أبو الكرم المراغي القرن السادس والسابع</tit>
  <lvl>1</lvl>
 </title>
 <title>
  <id>213</id>
  <tit>أبو نصر أحمد بن عمر بعد سنة ه</tit>
  <lvl>1</lvl>
 </title>
 <title>
  <id>213</id>
  <tit>أبو طالب بارسطغان ه</tit>
  <lvl>1</lvl>
 </title>
 <title>
  <id>214</id>
  <tit>أبو محمد البغدادي القرن السابع</tit>
  <lvl>1</lvl>
 </title>
 <title>
  <id>216</id>
  <tit>الكاتبة الأرموية بعد سنة ه</tit>
  <lvl>1</lvl>
 </title>
 <title>
  <id>217</id>
  <tit>ابن نقطه ه</tit>
  <lvl>1</lvl>
 </title>
 <title>
  <id>217</id>
  <tit>أبو محمد الهمذاني ه</tit>
  <lvl>1</lvl>
 </title>
 <title>
  <id>219</id>
  <tit>الفقيه الصنهاجي بعد سنة ه</tit>
  <lvl>1</lvl>
 </title>
 <title>
  <id>220</id>
  <tit>الخطيب أبو عمرو الاربلي ه</tit>
  <lvl>1</lvl>
 </title>
 <title>
  <id>221</id>
  <tit>أبو محمد عبد الله الخطيب القرن السابع</tit>
  <lvl>1</lvl>
 </title>
 <title>
  <id>221</id>
  <tit>النجاد الموصلي بعد سنة ه</tit>
  <lvl>1</lvl>
 </title>
 <title>
  <id>222</id>
  <tit>حماد بن يحيى القرن السادس</tit>
  <lvl>1</lvl>
 </title>
 <title>
  <id>222</id>
  <tit>حماد بن محمد بن جساس البوازيجي بعد سنة ه</tit>
  <lvl>1</lvl>
 </title>
 <title>
  <id>224</id>
  <tit>إبن طهير الموصلي ه</tit>
  <lvl>1</lvl>
 </title>
 <title>
  <id>225</id>
  <tit>السنهوري ه</tit>
  <lvl>1</lvl>
 </title>
 <title>
  <id>227</id>
  <tit>أبو البقاء التفليسي ه</tit>
  <lvl>1</lvl>
 </title>
 <title>
  <id>229</id>
  <tit>ابن بصلا ه</tit>
  <lvl>1</lvl>
 </title>
 <title>
  <id>229</id>
  <tit>أبو عبد الله الهمذاني القرن السابع</tit>
  <lvl>1</lvl>
 </title>
 <title>
  <id>231</id>
  <tit>إبن بصلا ه</tit>
  <lvl>1</lvl>
 </title>
 <title>
  <id>232</id>
  <tit>وردا نشاه أ الشاهنجاني القرن السادس</tit>
  <lvl>1</lvl>
 </title>
 <title>
  <id>233</id>
  <tit>أبو زيد الخراساني الصوفي القرن السادس</tit>
  <lvl>1</lvl>
 </title>
 <title>
  <id>234</id>
  <tit>القاضي الخالدي ه</tit>
  <lvl>1</lvl>
 </title>
 <title>
  <id>237</id>
  <tit>الواعظ الغزنوي ه</tit>
  <lvl>1</lvl>
 </title>
 <title>
  <id>238</id>
  <tit>الأسترابادي</tit>
  <lvl>1</lvl>
 </title>
 <title>
  <id>239</id>
  <tit>أبو الفضل التبريزي بعد سنة ه</tit>
  <lvl>1</lvl>
 </title>
 <title>
  <id>240</id>
  <tit>أبو محمد بن الأستاذ القرن السادس</tit>
  <lvl>1</lvl>
 </title>
 <title>
  <id>240</id>
  <tit>أبو محمد إسماعيل بن سعيد بن إسماعيل الزرزاري بعد سنة ه</tit>
  <lvl>1</lvl>
 </title>
 <title>
  <id>240</id>
  <tit>أبو يعقوب القرن السادس</tit>
  <lvl>1</lvl>
 </title>
 <title>
  <id>241</id>
  <tit>أبو القاسم عيسى بن لل ه</tit>
  <lvl>1</lvl>
 </title>
 <title>
  <id>242</id>
  <tit>أبو بكر محمد بن عيسى بعد سنة ه</tit>
  <lvl>1</lvl>
 </title>
 <title>
  <id>244</id>
  <tit>ابن سربالا بعد سنة ه</tit>
  <lvl>1</lvl>
 </title>
 <title>
  <id>244</id>
  <tit>أبو بكر محمد بن الحسن بعد سنة ه</tit>
  <lvl>1</lvl>
 </title>
 <title>
  <id>244</id>
  <tit>أبو حفص الزرزاري القرن السادس</tit>
  <lvl>1</lvl>
 </title>
 <title>
  <id>245</id>
  <tit>أبو الحسن الفقيه القرن السادس</tit>
  <lvl>1</lvl>
 </title>
 <title>
  <id>246</id>
  <tit>إبن عين الدولة الدمشقي ه</tit>
  <lvl>1</lvl>
 </title>
 <title>
  <id>247</id>
  <tit>إبن الجمال البغدادي ه</tit>
  <lvl>1</lvl>
 </title>
 <title>
  <id>247</id>
  <tit>أبو مطيع اليزدى ه</tit>
  <lvl>1</lvl>
 </title>
 <title>
  <id>248</id>
  <tit>أبو الحسن علي بن الحداد ه</tit>
  <lvl>1</lvl>
 </title>
 <title>
  <id>249</id>
  <tit>أبو العباس اللبلي ه</tit>
  <lvl>1</lvl>
 </title>
 <title>
  <id>250</id>
  <tit>إبن القصطلاني بعد سنة ه</tit>
  <lvl>1</lvl>
 </title>
 <title>
  <id>251</id>
  <tit>إنسان من بخارى</tit>
  <lvl>1</lvl>
 </title>
 <title>
  <id>252</id>
  <tit>الفقيه عمر بن خلكان ه</tit>
  <lvl>1</lvl>
 </title>
 <title>
  <id>253</id>
  <tit>ابن الدجاجي الواعظ ه</tit>
  <lvl>1</lvl>
 </title>
 <title>
  <id>254</id>
  <tit>الرشيد الدمشقي بعد سنة ه</tit>
  <lvl>1</lvl>
 </title>
 <title>
  <id>255</id>
  <tit>ابن النشف الواسطي بعد سنة ه</tit>
  <lvl>1</lvl>
 </title>
 <title>
  <id>256</id>
  <tit>أبو إسحق الأصفهاني</tit>
  <lvl>1</lvl>
 </title>
 <title>
  <id>258</id>
  <tit>سبط ابن هداب ه</tit>
  <lvl>1</lvl>
 </title>
 <title>
  <id>261</id>
  <tit>الرعيني القرن السادس السابع</tit>
  <lvl>1</lvl>
 </title>
 <title>
  <id>261</id>
  <tit>اللارجاني ه</tit>
  <lvl>1</lvl>
 </title>
 <title>
  <id>261</id>
  <tit>ابن صديق الحراني ه</tit>
  <lvl>1</lvl>
 </title>
 <title>
  <id>262</id>
  <tit>أبو البقاء السجستاني ه</tit>
  <lvl>1</lvl>
 </title>
 <title>
  <id>262</id>
  <tit>القاضي إبن عثمان المصري ه</tit>
  <lvl>1</lvl>
 </title>
 <title>
  <id>264</id>
  <tit>محمد بن عمر أ العثماني ه</tit>
  <lvl>1</lvl>
 </title>
 <title>
  <id>265</id>
  <tit>زيد بن زياد أ الحراني القرن السادس السابع</tit>
  <lvl>1</lvl>
 </title>
 <title>
  <id>265</id>
  <tit>عبد العزيز بن عثمان بن أبي طاهر أ الاربلي ه</tit>
  <lvl>1</lvl>
 </title>
 <title>
  <id>266</id>
  <tit>علي بن أبي بكر أ بن عمر الحراني ه</tit>
  <lvl>1</lvl>
 </title>
 <title>
  <id>267</id>
  <tit>عبد الواحد بن محمد أ بن الشعار الموصلي القرن السادس السابع</tit>
  <lvl>1</lvl>
 </title>
 <title>
  <id>267</id>
  <tit>أبو سعيد التقوى القرن السادس السابع</tit>
  <lvl>1</lvl>
 </title>
 <title>
  <id>267</id>
  <tit>مسعود البغدادي ه</tit>
  <lvl>1</lvl>
 </title>
 <title>
  <id>268</id>
  <tit>جعفر بن نزار بعد سنة ه</tit>
  <lvl>1</lvl>
 </title>
 <title>
  <id>269</id>
  <tit>إبن أبي الحجاج ه</tit>
  <lvl>1</lvl>
 </title>
 <title>
  <id>269</id>
  <tit>البرزالي ه</tit>
  <lvl>1</lvl>
 </title>
 <title>
  <id>269</id>
  <tit>القاضي أبو المجد القزويني ه</tit>
  <lvl>1</lvl>
 </title>
 <title>
  <id>269</id>
  <tit>عبد الغفور بن بدل بن أ حمزة التبريزي بعد سنة ه</tit>
  <lvl>1</lvl>
 </title>
 <title>
  <id>270</id>
  <tit>أبو الفضل الأهرى بعد سنة ه</tit>
  <lvl>1</lvl>
 </title>
 <title>
  <id>271</id>
  <tit>الخوارزمي بعد سنة ه</tit>
  <lvl>1</lvl>
 </title>
 <title>
  <id>272</id>
  <tit>ابن كي رسلان ه</tit>
  <lvl>1</lvl>
 </title>
 <title>
  <id>273</id>
  <tit>الكرماني الصوفي ه</tit>
  <lvl>1</lvl>
 </title>
 <title>
  <id>274</id>
  <tit>ابن الباقلاني بعد سنة ه</tit>
  <lvl>1</lvl>
 </title>
 <title>
  <id>275</id>
  <tit>عبد الرحمن بن أبي بكر القرن السادس</tit>
  <lvl>1</lvl>
 </title>
 <title>
  <id>276</id>
  <tit>ابن المره بعد سنة ه</tit>
  <lvl>1</lvl>
 </title>
 <title>
  <id>278</id>
  <tit>القيسي الاسكندري ه</tit>
  <lvl>1</lvl>
 </title>
 <title>
  <id>279</id>
  <tit>إبن بهاء الحراني بعد سنة ه</tit>
  <lvl>1</lvl>
 </title>
 <title>
  <id>280</id>
  <tit>أبو محمد عبد الله الأنصاري القرن السادس السابع</tit>
  <lvl>1</lvl>
 </title>
 <title>
  <id>281</id>
  <tit>أبو عبد الله السلاوي القرن السابع</tit>
  <lvl>1</lvl>
 </title>
 <title>
  <id>282</id>
  <tit>أبو الحسن علي بن عمر بعد سنة ه</tit>
  <lvl>1</lvl>
 </title>
 <title>
  <id>283</id>
  <tit>إبن شيث الطبيب ه</tit>
  <lvl>1</lvl>
 </title>
 <title>
  <id>284</id>
  <tit>عبد الحميد المقدسي ه</tit>
  <lvl>1</lvl>
 </title>
 <title>
  <id>285</id>
  <tit>مبارك الشعار ه</tit>
  <lvl>1</lvl>
 </title>
 <title>
  <id>285</id>
  <tit>على الفرنشي ه</tit>
  <lvl>1</lvl>
 </title>
 <title>
  <id>286</id>
  <tit>إبن تانرايا ه</tit>
  <lvl>1</lvl>
 </title>
 <title>
  <id>288</id>
  <tit>ياقوت الحموي ه</tit>
  <lvl>1</lvl>
 </title>
 <title>
  <id>293</id>
  <tit>عثمان بن عمر الحراني بعد سنة ه</tit>
  <lvl>1</lvl>
 </title>
 <title>
  <id>295</id>
  <tit>الواعظ المغربي بعد سنة ه</tit>
  <lvl>1</lvl>
 </title>
 <title>
  <id>296</id>
  <tit>خالد النابلسي ه</tit>
  <lvl>1</lvl>
 </title>
 <title>
  <id>297</id>
  <tit>أبو سعد أ القومساني بعد سنة ه</tit>
  <lvl>1</lvl>
 </title>
 <title>
  <id>297</id>
  <tit>أبو الفوارس القزويني بعد سنة ه</tit>
  <lvl>1</lvl>
 </title>
 <title>
  <id>301</id>
  <tit>الحسين بن الخلكان ه</tit>
  <lvl>1</lvl>
 </title>
 <title>
  <id>301</id>
  <tit>ابن وهسوذان بعد سنة ه</tit>
  <lvl>1</lvl>
 </title>
 <title>
  <id>302</id>
  <tit>محمد بن أبي طاهر أ الروذراوري بعد سنة ه</tit>
  <lvl>1</lvl>
 </title>
 <title>
  <id>303</id>
  <tit>ابن شحانه الحراني ه</tit>
  <lvl>1</lvl>
 </title>
 <title>
  <id>307</id>
  <tit>أحمد بن إسبنديار بن الموفق ه</tit>
  <lvl>1</lvl>
 </title>
 <title>
  <id>307</id>
  <tit>أبو عبد الله الحسين ه</tit>
  <lvl>1</lvl>
 </title>
 <title>
  <id>309</id>
  <tit>محاسن الدمشقي بعد سنة ه</tit>
  <lvl>1</lvl>
 </title>
 <title>
  <id>310</id>
  <tit>محمد بن خلف الدمياطي ه</tit>
  <lvl>1</lvl>
 </title>
 <title>
  <id>310</id>
  <tit>إبن المخيلي ه</tit>
  <lvl>1</lvl>
 </title>
 <title>
  <id>310</id>
  <tit>القيلوي ه</tit>
  <lvl>1</lvl>
 </title>
 <title>
  <id>311</id>
  <tit>إبن الواثق بالله ه</tit>
  <lvl>1</lvl>
 </title>
 <title>
  <id>313</id>
  <tit>أبو جعفر الصوفي ه</tit>
  <lvl>1</lvl>
 </title>
 <title>
  <id>315</id>
  <tit>علي بن المكرم ه</tit>
  <lvl>1</lvl>
 </title>
 <title>
  <id>316</id>
  <tit>أبو بكر محمد بن حماد بعد سنة ه</tit>
  <lvl>1</lvl>
 </title>
 <title>
  <id>318</id>
  <tit>الأسد آباذي بعد سنة ه</tit>
  <lvl>1</lvl>
 </title>
 <title>
  <id>318</id>
  <tit>محمد بن إبراهيم الرازي بعد سنة ه</tit>
  <lvl>1</lvl>
 </title>
 <title>
  <id>319</id>
  <tit>البوميري بعد سنة ه</tit>
  <lvl>1</lvl>
 </title>
 <title>
  <id>319</id>
  <tit>إبن حميد الموصلي</tit>
  <lvl>1</lvl>
 </title>
 <title>
  <id>319</id>
  <tit>إبن المكبرين</tit>
  <lvl>1</lvl>
 </title>
 <title>
  <id>320</id>
  <tit>المغربي الطنجي القرن السادس السابع</tit>
  <lvl>1</lvl>
 </title>
 <title>
  <id>321</id>
  <tit>إبن فطيرا بعد سنة ه</tit>
  <lvl>1</lvl>
 </title>
 <title>
  <id>321</id>
  <tit>أبو عبد الله البوازيجي بعد سنة ه</tit>
  <lvl>1</lvl>
 </title>
 <title>
  <id>326</id>
  <tit>إسحاق بن محمد ه</tit>
  <lvl>1</lvl>
 </title>
 <title>
  <id>326</id>
  <tit>أبو اسحاق الكاشغري ه</tit>
  <lvl>1</lvl>
 </title>
 <title>
  <id>329</id>
  <tit>إبن حروبه ه</tit>
  <lvl>1</lvl>
 </title>
 <title>
  <id>329</id>
  <tit>إبن النجار ه</tit>
  <lvl>1</lvl>
 </title>
 <title>
  <id>330</id>
  <tit>أبو محمد الموصلي</tit>
  <lvl>1</lvl>
 </title>
 <title>
  <id>331</id>
  <tit>أبو جعفر البغدادي بعد سنة ه</tit>
  <lvl>1</lvl>
 </title>
 <title>
  <id>332</id>
  <tit>محمد بن يحيى بعد سنة ه</tit>
  <lvl>1</lvl>
 </title>
 <title>
  <id>333</id>
  <tit>عبد الكريم البوازيجي ه</tit>
  <lvl>1</lvl>
 </title>
 <title>
  <id>333</id>
  <tit>ظريف أ الباقداري القرن السادس السابع</tit>
  <lvl>1</lvl>
 </title>
 <title>
  <id>334</id>
  <tit>أبو محمد عبد الرحمن بعد سنة ه</tit>
  <lvl>1</lvl>
 </title>
 <title>
  <id>334</id>
  <tit>محمد بن علي بعد سنة ه</tit>
  <lvl>1</lvl>
 </title>
 <title>
  <id>335</id>
  <tit>أحمد المرندي القرن السادس</tit>
  <lvl>1</lvl>
 </title>
 <title>
  <id>336</id>
  <tit>أبو سعد الصوفي القرن السادس السابع</tit>
  <lvl>1</lvl>
 </title>
 <title>
  <id>336</id>
  <tit>عمر الدرزيجاني القرن السادس</tit>
  <lvl>1</lvl>
 </title>
 <title>
  <id>336</id>
  <tit>طه بن بشير بعد سنة ه</tit>
  <lvl>1</lvl>
 </title>
 <title>
  <id>337</id>
  <tit>محمد الإربلي بعد سنة ه</tit>
  <lvl>1</lvl>
 </title>
 <title>
  <id>338</id>
  <tit>عبد الله بن نصر الله بن أبي بكر بن عثمان الإربلي القرن السادس</tit>
  <lvl>1</lvl>
 </title>
 <title>
  <id>338</id>
  <tit>محمد بن أبي بكر الإربلي بعد سنة ه</tit>
  <lvl>1</lvl>
 </title>
 <title>
  <id>338</id>
  <tit>يعقوب بن دربيس بعد سنة ه</tit>
  <lvl>1</lvl>
 </title>
 <title>
  <id>339</id>
  <tit>أحمد بن محمد الإربلي ه</tit>
  <lvl>1</lvl>
 </title>
 <title>
  <id>339</id>
  <tit>أبو عبد الله الواسطي بعد سنة ه</tit>
  <lvl>1</lvl>
 </title>
 <title>
  <id>339</id>
  <tit>محمد بن علي بن جامع القرن السادس</tit>
  <lvl>1</lvl>
 </title>
 <title>
  <id>340</id>
  <tit>قضيب البان ه</tit>
  <lvl>1</lvl>
 </title>
 <title>
  <id>341</id>
  <tit>الشيخ محمد بن الكيشي</tit>
  <lvl>1</lvl>
 </title>
 <title>
  <id>342</id>
  <tit>أبو بكر المرندي</tit>
  <lvl>1</lvl>
 </title>
 <title>
  <id>342</id>
  <tit>جبريل بن محمد الإربلي بعد سنة ه</tit>
  <lvl>1</lvl>
 </title>
 <title>
  <id>342</id>
  <tit>أبو العباس أحمد بن بشير القرن السادس السابع</tit>
  <lvl>1</lvl>
 </title>
 <title>
  <id>343</id>
  <tit>الشيخ سعد البوازيجي القرن السادس السابع</tit>
  <lvl>1</lvl>
 </title>
 <title>
  <id>344</id>
  <tit>الحاسب الإربلي</tit>
  <lvl>1</lvl>
 </title>
 <title>
  <id>344</id>
  <tit>الشريف الحسني القرن السادس السابع</tit>
  <lvl>1</lvl>
 </title>
 <title>
  <id>345</id>
  <tit>عثمان السيبي أ ه</tit>
  <lvl>1</lvl>
 </title>
 <title>
  <id>345</id>
  <tit>أبو طالب الواسطي بعد سنة ه</tit>
  <lvl>1</lvl>
 </title>
 <title>
  <id>345</id>
  <tit>ابن خولة ه</tit>
  <lvl>1</lvl>
 </title>
 <title>
  <id>346</id>
  <tit>عبد السلام الجيلي ه</tit>
  <lvl>1</lvl>
 </title>
 <title>
  <id>347</id>
  <tit>صدقة الكتبي القرن السادس السابع</tit>
  <lvl>1</lvl>
 </title>
 <title>
  <id>347</id>
  <tit>أبو الحسن التبريزي</tit>
  <lvl>1</lvl>
 </title>
 <title>
  <id>347</id>
  <tit>عبد الرحمن بن الصفار بعد سنة ه</tit>
  <lvl>1</lvl>
 </title>
 <title>
  <id>349</id>
  <tit>أبو حفص الموصلي القرن السادس السابع</tit>
  <lvl>1</lvl>
 </title>
 <title>
  <id>350</id>
  <tit>بركة بن عيسى الإربلي بعد سنة ه</tit>
  <lvl>1</lvl>
 </title>
 <title>
  <id>351</id>
  <tit>أبو الثناء أ محمود بن جامع العليماتي هـ أ</tit>
  <lvl>1</lvl>
 </title>
 <title>
  <id>353</id>
  <tit>المبارك بن أبي بكر ه</tit>
  <lvl>1</lvl>
 </title>
 <title>
  <id>359</id>
  <tit>أبو العز المصري ه</tit>
  <lvl>1</lvl>
 </title>
 <title>
  <id>362</id>
  <tit>مسعود البوازيجي بعد سنة ه</tit>
  <lvl>1</lvl>
 </title>
 <title>
  <id>364</id>
  <tit>أبو محمد عبد الله الواعظ القرن السادس السابع</tit>
  <lvl>1</lvl>
 </title>
 <title>
  <id>364</id>
  <tit>إسماعيل بن إبراهيم أ الثقة بعد سنة ه</tit>
  <lvl>1</lvl>
 </title>
 <title>
  <id>365</id>
  <tit>بوزان بن سنقر ه</tit>
  <lvl>1</lvl>
 </title>
 <title>
  <id>365</id>
  <tit>أبو محمد عبد الوهاب الحراني ه</tit>
  <lvl>1</lvl>
 </title>
 <title>
  <id>367</id>
  <tit>أبو إسحق الكتبي بعد سنة ه</tit>
  <lvl>1</lvl>
 </title>
 <title>
  <id>368</id>
  <tit>مرجى الواسطي ه</tit>
  <lvl>1</lvl>
 </title>
 <title>
  <id>373</id>
  <tit>ابن الشرابدار الواسطي بعد سنة ه</tit>
  <lvl>1</lvl>
 </title>
 <title>
  <id>374</id>
  <tit>عبد الله بن أبي الفضل ه</tit>
  <lvl>1</lvl>
 </title>
 <title>
  <id>374</id>
  <tit>الصريفيني ه</tit>
  <lvl>1</lvl>
 </title>
 <title>
  <id>378</id>
  <tit>محمد الفتى الصوفي بعد سنة ه</tit>
  <lvl>1</lvl>
 </title>
 <title>
  <id>379</id>
  <tit>الخوارزمي الصوفي بعد سنة ه</tit>
  <lvl>1</lvl>
 </title>
 <title>
  <id>381</id>
  <tit>ابن رواحة الصقلي ه</tit>
  <lvl>1</lvl>
 </title>
 <title>
  <id>386</id>
  <tit>أبو محمد الموقاني بعد سنة ه</tit>
  <lvl>1</lvl>
 </title>
 <title>
  <id>387</id>
  <tit>أبو سليمان الخلال القرن السادس السابع</tit>
  <lvl>1</lvl>
 </title>
 <title>
  <id>387</id>
  <tit>أبن الموصلي الحنفي بعد سنة ه</tit>
  <lvl>1</lvl>
 </title>
 <title>
  <id>388</id>
  <tit>أبو زكريا الواسطي ه</tit>
  <lvl>1</lvl>
 </title>
 <title>
  <id>390</id>
  <tit>محمد البصري بعد سنة</tit>
  <lvl>1</lvl>
 </title>
 <title>
  <id>391</id>
  <tit>أبو الروح الأندلسي ه</tit>
  <lvl>1</lvl>
 </title>
 <title>
  <id>399</id>
  <tit>أبو علي الأندلسي بعد سنة ه</tit>
  <lvl>1</lvl>
 </title>
 <title>
  <id>401</id>
  <tit>محمد بن يحيى المغربي بعد سنة ه</tit>
  <lvl>1</lvl>
 </title>
 <title>
  <id>403</id>
  <tit>أبو الرشيد الأصبهاني بعد سنة ه</tit>
  <lvl>1</lvl>
 </title>
 <title>
  <id>410</id>
  <tit>قاضي السويداء بعد سنة ه</tit>
  <lvl>1</lvl>
 </title>
 <title>
  <id>411</id>
  <tit>عبد القاهر أ بن الحسن بعد سنة ه</tit>
  <lvl>1</lvl>
 </title>
 <title>
  <id>412</id>
  <tit>ابن الغتمي بعد سنة ه</tit>
  <lvl>1</lvl>
 </title>
 <title>
  <id>415</id>
  <tit>أبو محمد الدمشقي بعد سنة ه</tit>
  <lvl>1</lvl>
 </title>
 <title>
  <id>416</id>
  <tit>الأثرى الموصلي ه</tit>
  <lvl>1</lvl>
 </title>
 <title>
  <id>420</id>
  <tit>خلف الكنري ه</tit>
  <lvl>1</lvl>
 </title>
 <title>
  <id>421</id>
  <tit>ابن زنزف أ البغدادي القرن السادس السابع</tit>
  <lvl>1</lvl>
 </title>
 <title>
  <id>422</id>
  <tit>الخطيب الكرخيني ه</tit>
  <lvl>1</lvl>
 </title>
 <title>
  <id>423</id>
  <tit>نصر الله الدمشقي ه</tit>
  <lvl>1</lvl>
 </title>
 <title>
  <id>424</id>
  <tit>أبو المظفر الواسطي بعد سنة ه</tit>
  <lvl>1</lvl>
 </title>
 <title>
  <id>425</id>
  <tit>أبو القاسم الأنصاري ه</tit>
  <lvl>1</lvl>
 </title>
 <title>
  <id>427</id>
  <tit>أبو علي الدكالي بعد سنة ه</tit>
  <lvl>1</lvl>
 </title>
 <title>
  <id>428</id>
  <tit>أبو عبد الله الموصلي بعد سنة ه</tit>
  <lvl>1</lvl>
 </title>
 <title>
  <id>429</id>
  <tit>إبن الوزان ه</tit>
  <lvl>1</lvl>
 </title>
 <title>
  <id>429</id>
  <tit>الكومي الندرومي</tit>
  <lvl>1</lvl>
 </title>
 <title>
  <id>429</id>
  <tit>ابن المكبر ه</tit>
  <lvl>1</lvl>
 </title>
</dataroot>
