<?xml version="1.0" encoding="UTF-8"?>
<dataroot>
    <title>
        <tit>كيفية وجود صناعة الطب وأول حدوثها</tit>
        <id>1</id>
        <lvl>1</lvl>
    </title>
    <title>
        <tit>القسم الأول</tit>
        <id>7</id>
        <lvl>1</lvl>
    </title>
    <title>
        <tit>القسم الثاني</tit>
        <id>9</id>
        <lvl>1</lvl>
    </title>
    <title>
        <tit>القسم الثالث</tit>
        <id>11</id>
        <lvl>1</lvl>
    </title>
    <title>
        <tit>القسم الرابع</tit>
        <id>14</id>
        <lvl>1</lvl>
    </title>
    <title>
        <tit>القسم الخامس</tit>
        <id>15</id>
        <lvl>1</lvl>
    </title>
    <title>
        <tit>طبقات الأطباء الذين ظهرت لهم أجزاء من صناعة الطب وكانوا المبتدئين بها</tit>
        <id>18</id>
        <lvl>1</lvl>
    </title>
    <title>
        <tit>أسقليبيوس</tit>
        <id>18</id>
        <lvl>1</lvl>
    </title>
    <title>
        <tit>رجع الكلام إلى ذكر أسقليبيوس</tit>
        <id>22</id>
        <lvl>1</lvl>
    </title>
    <title>
        <tit>ومن الآداب والحكم التي لأسقليبيوس</tit>
        <id>26</id>
        <lvl>1</lvl>
    </title>
    <title>
        <tit>أيلق</tit>
        <id>27</id>
        <lvl>1</lvl>
    </title>
    <title>
        <tit>طبقات الأطباء اليونانيين الذي هم من نسل أسقليبيوس</tit>
        <id>28</id>
        <lvl>1</lvl>
    </title>
    <title>
        <tit>غورس</tit>
        <id>28</id>
        <lvl>1</lvl>
    </title>
    <title>
        <tit>مينس</tit>
        <id>29</id>
        <lvl>1</lvl>
    </title>
    <title>
        <tit>برمانيدس</tit>
        <id>29</id>
        <lvl>1</lvl>
    </title>
    <title>
        <tit>أفلاطن الطبيب</tit>
        <id>30</id>
        <lvl>1</lvl>
    </title>
    <title>
        <tit>أسقليبيوس الثاني</tit>
        <id>31</id>
        <lvl>1</lvl>
    </title>
    <title>
        <tit>طبقات الأطباء اليونانيين الذين أذاع أبقراط فيهم صناعة الطب</tit>
        <id>32</id>
        <lvl>1</lvl>
    </title>
    <title>
        <tit>أبقراط</tit>
        <id>32</id>
        <lvl>1</lvl>
    </title>
    <title>
        <tit>قسم أبقراط</tit>
        <id>34</id>
        <lvl>1</lvl>
    </title>
    <title>
        <tit>ناموس الطب لأبقراط</tit>
        <id>35</id>
        <lvl>1</lvl>
    </title>
    <title>
        <tit>وصية أبقراط</tit>
        <id>35</id>
        <lvl>1</lvl>
    </title>
    <title>
        <tit>بندقليس</tit>
        <id>50</id>
        <lvl>1</lvl>
    </title>
    <title>
        <tit>فيثاغورس</tit>
        <id>50</id>
        <lvl>1</lvl>
    </title>
    <title>
        <tit>كلمات حكمية</tit>
        <id>52</id>
        <lvl>1</lvl>
    </title>
    <title>
        <tit>سقراط</tit>
        <id>59</id>
        <lvl>1</lvl>
    </title>
    <title>
        <tit>ومن آداب سقراط</tit>
        <id>65</id>
        <lvl>1</lvl>
    </title>
    <title>
        <tit>أفلاطون</tit>
        <id>68</id>
        <lvl>1</lvl>
    </title>
    <title>
        <tit>مواعظ أفلاطون</tit>
        <id>70</id>
        <lvl>1</lvl>
    </title>
    <title>
        <tit>كتب أفلاطون</tit>
        <id>74</id>
        <lvl>1</lvl>
    </title>
    <title>
        <tit>أرسطوطاليس</tit>
        <id>75</id>
        <lvl>1</lvl>
    </title>
    <title>
        <tit>وصية أرسطوطاليس</tit>
        <id>83</id>
        <lvl>1</lvl>
    </title>
    <title>
        <tit>مقالة أرسطوطاليس</tit>
        <id>85</id>
        <lvl>1</lvl>
    </title>
    <title>
        <tit>آداب أرسطوطاليس</tit>
        <id>87</id>
        <lvl>1</lvl>
    </title>
    <title>
        <tit>كتب أرسطوطاليس</tit>
        <id>92</id>
        <lvl>1</lvl>
    </title>
    <title>
        <tit>ثاوفرسطس</tit>
        <id>95</id>
        <lvl>1</lvl>
    </title>
    <title>
        <tit>الإسكندر الأفروديسي الدمشقي</tit>
        <id>95</id>
        <lvl>1</lvl>
    </title>
    <title>
        <tit>طبقات الأطباء الذين كانوا منذ زمان جالينوس وقريبا منه</tit>
        <id>97</id>
        <lvl>1</lvl>
    </title>
    <title>
        <tit>جالينوس</tit>
        <id>97</id>
        <lvl>1</lvl>
    </title>
    <title>
        <tit>مسكن جالينوس</tit>
        <id>105</id>
        <lvl>1</lvl>
    </title>
    <title>
        <tit>صفة تجميد الماء</tit>
        <id>112</id>
        <lvl>1</lvl>
    </title>
    <title>
        <tit>مصنفات جالينوس</tit>
        <id>122</id>
        <lvl>1</lvl>
    </title>
    <title>
        <tit>الأطباء المشهورون بعد وفاة جالينوس</tit>
        <id>138</id>
        <lvl>1</lvl>
    </title>
    <title>
        <tit>طبقات الأطباء الإسكندرانيين ومن كان في أزمنتهم من الأطباء النصارى وغيرهم</tit>
        <id>139</id>
        <lvl>1</lvl>
    </title>
    <title>
        <tit>كتب يحيى النحوي</tit>
        <id>141</id>
        <lvl>1</lvl>
    </title>
    <title>
        <tit>طبقات الأطباء الذين كانوا في أول ظهور الإسلام من أطباء العرب وغيرهم</tit>
        <id>148</id>
        <lvl>1</lvl>
    </title>
    <title>
        <tit>كلام الحارث مع كسرى</tit>
        <id>149</id>
        <lvl>1</lvl>
    </title>
    <title>
        <tit>النضر بن الحرث بن كلدة الثقفي</tit>
        <id>154</id>
        <lvl>1</lvl>
    </title>
    <title>
        <tit>ابن أبي رمثة التميمي</tit>
        <id>157</id>
        <lvl>1</lvl>
    </title>
    <title>
        <tit>عبد الملك بن أبجر الكناني</tit>
        <id>158</id>
        <lvl>1</lvl>
    </title>
    <title>
        <tit>ابن أثال</tit>
        <id>158</id>
        <lvl>1</lvl>
    </title>
    <title>
        <tit>أبو الحكم</tit>
        <id>162</id>
        <lvl>1</lvl>
    </title>
    <title>
        <tit>حكم الدمشقي</tit>
        <id>163</id>
        <lvl>1</lvl>
    </title>
    <title>
        <tit>عيسى بن حكم الدمشقي</tit>
        <id>164</id>
        <lvl>1</lvl>
    </title>
    <title>
        <tit>تياذوق</tit>
        <id>166</id>
        <lvl>1</lvl>
    </title>
    <title>
        <tit>زينب طبيبة بني أود</tit>
        <id>168</id>
        <lvl>1</lvl>
    </title>
    <title>
        <tit>جورجيوس بن جبرائيل</tit>
        <id>169</id>
        <lvl>1</lvl>
    </title>
    <title>
        <tit>طبقات الأطباء السريانيين الذين كانوا في ابتداء ظهور دولة بني العباس</tit>
        <id>169</id>
        <lvl>1</lvl>
    </title>
    <title>
        <tit>بختيشوع بن جورجس</tit>
        <id>172</id>
        <lvl>1</lvl>
    </title>
    <title>
        <tit>جبرائيل بن بختيشوع بن جورجس</tit>
        <id>173</id>
        <lvl>1</lvl>
    </title>
    <title>
        <tit>بختيشوع بن جبرائيل بن بختيشوع</tit>
        <id>187</id>
        <lvl>1</lvl>
    </title>
    <title>
        <tit>جبرائيل بن عبيد الله</tit>
        <id>195</id>
        <lvl>1</lvl>
    </title>
    <title>
        <tit>عبيد الله بن جبرائيل</tit>
        <id>200</id>
        <lvl>1</lvl>
    </title>
    <title>
        <tit>خصيب</tit>
        <id>200</id>
        <lvl>1</lvl>
    </title>
    <title>
        <tit>عيسى المعروف بأبي قريش</tit>
        <id>201</id>
        <lvl>1</lvl>
    </title>
    <title>
        <tit>اللجلاج</tit>
        <id>205</id>
        <lvl>1</lvl>
    </title>
    <title>
        <tit>عبد الله الطيفوري</tit>
        <id>206</id>
        <lvl>1</lvl>
    </title>
    <title>
        <tit>زكريا بن الطيفوري</tit>
        <id>210</id>
        <lvl>1</lvl>
    </title>
    <title>
        <tit>إسرائيل بن زكريا الطيفوري</tit>
        <id>211</id>
        <lvl>1</lvl>
    </title>
    <title>
        <tit>يزيد بن زيد</tit>
        <id>212</id>
        <lvl>1</lvl>
    </title>
    <title>
        <tit>سهل الكوسج</tit>
        <id>214</id>
        <lvl>1</lvl>
    </title>
    <title>
        <tit>عبدوس بن زيد</tit>
        <id>214</id>
        <lvl>1</lvl>
    </title>
    <title>
        <tit>موسى بن إسرائيل الكوفي</tit>
        <id>216</id>
        <lvl>1</lvl>
    </title>
    <title>
        <tit>سابور بن سهل</tit>
        <id>216</id>
        <lvl>1</lvl>
    </title>
    <title>
        <tit>إسرئيل بن سهل</tit>
        <id>216</id>
        <lvl>1</lvl>
    </title>
    <title>
        <tit>ماسرجويه متطبب البصرة</tit>
        <id>218</id>
        <lvl>1</lvl>
    </title>
    <title>
        <tit>سلمويه بن بنان متطبب المعتصم</tit>
        <id>220</id>
        <lvl>1</lvl>
    </title>
    <title>
        <tit>إبراهيم بن فزارون</tit>
        <id>226</id>
        <lvl>1</lvl>
    </title>
    <title>
        <tit>أيوب المعروف بالأبرش</tit>
        <id>227</id>
        <lvl>1</lvl>
    </title>
    <title>
        <tit>إبراهيم بن أيوب الأبرش</tit>
        <id>227</id>
        <lvl>1</lvl>
    </title>
    <title>
        <tit>جبرائيل كحال المأمون</tit>
        <id>227</id>
        <lvl>1</lvl>
    </title>
    <title>
        <tit>ماسويه أبو يوحنا</tit>
        <id>228</id>
        <lvl>1</lvl>
    </title>
    <title>
        <tit>يوحنا بن ماسويه</tit>
        <id>232</id>
        <lvl>1</lvl>
    </title>
    <title>
        <tit>ميخائيل بن ماسويه</tit>
        <id>241</id>
        <lvl>1</lvl>
    </title>
    <title>
        <tit>عيسى بن ماسة</tit>
        <id>243</id>
        <lvl>1</lvl>
    </title>
    <title>
        <tit>حنين بن إسحق</tit>
        <id>243</id>
        <lvl>1</lvl>
    </title>
    <title>
        <tit>إسحق بن حنين</tit>
        <id>260</id>
        <lvl>1</lvl>
    </title>
    <title>
        <tit>يوحنا بن بختيشوع</tit>
        <id>262</id>
        <lvl>1</lvl>
    </title>
    <title>
        <tit>حبيش الأعسم</tit>
        <id>262</id>
        <lvl>1</lvl>
    </title>
    <title>
        <tit>بختيشوع بن يوحنا</tit>
        <id>263</id>
        <lvl>1</lvl>
    </title>
    <title>
        <tit>عيسى بن علي</tit>
        <id>263</id>
        <lvl>1</lvl>
    </title>
    <title>
        <tit>عيسى بن يحيى بن إبراهيم</tit>
        <id>263</id>
        <lvl>1</lvl>
    </title>
    <title>
        <tit>الحلاجي</tit>
        <id>264</id>
        <lvl>1</lvl>
    </title>
    <title>
        <tit>ابن صهار بخت</tit>
        <id>264</id>
        <lvl>1</lvl>
    </title>
    <title>
        <tit>ابن ماهان</tit>
        <id>264</id>
        <lvl>1</lvl>
    </title>
    <title>
        <tit>الساهر</tit>
        <id>264</id>
        <lvl>1</lvl>
    </title>
    <title>
        <tit>طبقات الأطباء النقلة الذين نقلوا كتب الطب وغيره من اللسان اليوناني إلى اللسان العربي وذكر الذين نقلوا لهم</tit>
        <id>265</id>
        <lvl>1</lvl>
    </title>
    <title>
        <tit>حبيش الأعسم</tit>
        <id>265</id>
        <lvl>1</lvl>
    </title>
    <title>
        <tit>إسحق بن حنين</tit>
        <id>265</id>
        <lvl>1</lvl>
    </title>
    <title>
        <tit>جورجس</tit>
        <id>265</id>
        <lvl>1</lvl>
    </title>
    <title>
        <tit>عيسى بن يحيى بن إبراهيم</tit>
        <id>265</id>
        <lvl>1</lvl>
    </title>
    <title>
        <tit>حنين بن إسحق</tit>
        <id>265</id>
        <lvl>1</lvl>
    </title>
    <title>
        <tit>ابن شهدي الكرخي</tit>
        <id>266</id>
        <lvl>1</lvl>
    </title>
    <title>
        <tit>هلال بن أبي هلال الحمصي</tit>
        <id>266</id>
        <lvl>1</lvl>
    </title>
    <title>
        <tit>فثيون الترجمان</tit>
        <id>266</id>
        <lvl>1</lvl>
    </title>
    <title>
        <tit>زروبا بن مانحوه الناعمي الحمصي</tit>
        <id>266</id>
        <lvl>1</lvl>
    </title>
    <title>
        <tit>الحجاج بن مطر</tit>
        <id>266</id>
        <lvl>1</lvl>
    </title>
    <title>
        <tit>شهدي الكرخي</tit>
        <id>266</id>
        <lvl>1</lvl>
    </title>
    <title>
        <tit>عيسى بن ماسرجيس</tit>
        <id>266</id>
        <lvl>1</lvl>
    </title>
    <title>
        <tit>ماسرجيس</tit>
        <id>266</id>
        <lvl>1</lvl>
    </title>
    <title>
        <tit>قسطا بن لوقا البعلبكي</tit>
        <id>266</id>
        <lvl>1</lvl>
    </title>
    <title>
        <tit>أيوب المعروف بالأبرش</tit>
        <id>266</id>
        <lvl>1</lvl>
    </title>
    <title>
        <tit>تدرس السنقل</tit>
        <id>267</id>
        <lvl>1</lvl>
    </title>
    <title>
        <tit>موسى بن خالد الترجمان</tit>
        <id>267</id>
        <lvl>1</lvl>
    </title>
    <title>
        <tit>يوسف الناقل</tit>
        <id>267</id>
        <lvl>1</lvl>
    </title>
    <title>
        <tit>أيوب الرهاوي</tit>
        <id>267</id>
        <lvl>1</lvl>
    </title>
    <title>
        <tit>سرجس الرأسي</tit>
        <id>267</id>
        <lvl>1</lvl>
    </title>
    <title>
        <tit>أسطاث</tit>
        <id>267</id>
        <lvl>1</lvl>
    </title>
    <title>
        <tit>أبو نصر بن ناري بن أيوب</tit>
        <id>267</id>
        <lvl>1</lvl>
    </title>
    <title>
        <tit>اصطفن بن بسيل</tit>
        <id>267</id>
        <lvl>1</lvl>
    </title>
    <title>
        <tit>بسيل المطران</tit>
        <id>267</id>
        <lvl>1</lvl>
    </title>
    <title>
        <tit>حيرون بن رابطة</tit>
        <id>267</id>
        <lvl>1</lvl>
    </title>
    <title>
        <tit>عبد يشوع بن بهريز</tit>
        <id>268</id>
        <lvl>1</lvl>
    </title>
    <title>
        <tit>أبو عثمان سعيد بن يعقوب الدمشقي</tit>
        <id>268</id>
        <lvl>1</lvl>
    </title>
    <title>
        <tit>منصور بن باناس</tit>
        <id>268</id>
        <lvl>1</lvl>
    </title>
    <title>
        <tit>قيضا الرهاوي</tit>
        <id>268</id>
        <lvl>1</lvl>
    </title>
    <title>
        <tit>يحيى بن البطريق</tit>
        <id>268</id>
        <lvl>1</lvl>
    </title>
    <title>
        <tit>يوحنا بن بختيشوع</tit>
        <id>268</id>
        <lvl>1</lvl>
    </title>
    <title>
        <tit>أبو يوسف الكاتب</tit>
        <id>268</id>
        <lvl>1</lvl>
    </title>
    <title>
        <tit>ثابت الناقل</tit>
        <id>268</id>
        <lvl>1</lvl>
    </title>
    <title>
        <tit>إبراهيم بن الصلت</tit>
        <id>268</id>
        <lvl>1</lvl>
    </title>
    <title>
        <tit>البطريق</tit>
        <id>268</id>
        <lvl>1</lvl>
    </title>
    <title>
        <tit>محمد بن موسى المنجم</tit>
        <id>269</id>
        <lvl>1</lvl>
    </title>
    <title>
        <tit>علي المعروف بالفيوم</tit>
        <id>269</id>
        <lvl>1</lvl>
    </title>
    <title>
        <tit>عيسى بن يونس الكاتب الحاسب</tit>
        <id>269</id>
        <lvl>1</lvl>
    </title>
    <title>
        <tit>محمد بن موسى بن عبد الملك</tit>
        <id>269</id>
        <lvl>1</lvl>
    </title>
    <title>
        <tit>أبو إسحق إبراهيم بن بكس</tit>
        <id>269</id>
        <lvl>1</lvl>
    </title>
    <title>
        <tit>علي بن يحيى المعروف بابن المنجم</tit>
        <id>269</id>
        <lvl>1</lvl>
    </title>
    <title>
        <tit>شيرشوع بن قطرب</tit>
        <id>269</id>
        <lvl>1</lvl>
    </title>
    <title>
        <tit>أبو الحسن علي بن إبراهيم بن بكس</tit>
        <id>269</id>
        <lvl>1</lvl>
    </title>
    <title>
        <tit>ثادرس الأسقف</tit>
        <id>269</id>
        <lvl>1</lvl>
    </title>
    <title>
        <tit>أحمد بن محمد المعروف بابن المدبر الكاتب</tit>
        <id>270</id>
        <lvl>1</lvl>
    </title>
    <title>
        <tit>إبراهيم بن محمد بن موسى الكاتب</tit>
        <id>270</id>
        <lvl>1</lvl>
    </title>
    <title>
        <tit>عبد الله بن إسحق</tit>
        <id>270</id>
        <lvl>1</lvl>
    </title>
    <title>
        <tit>محمد بن عبد الملك الزيات</tit>
        <id>270</id>
        <lvl>1</lvl>
    </title>
    <title>
        <tit>أحمد بن الطيب السرخسي</tit>
        <id>279</id>
        <lvl>1</lvl>
    </title>
    <title>
        <tit>أبو الحسن ثابت بن قرة الحراني</tit>
        <id>281</id>
        <lvl>1</lvl>
    </title>
    <title>
        <tit>أبو سعيد سنان بن ثابت بن قرة</tit>
        <id>286</id>
        <lvl>1</lvl>
    </title>
    <title>
        <tit>أبو الحسن ثابت بن سنان بن ثابت بن قرة</tit>
        <id>290</id>
        <lvl>1</lvl>
    </title>
    <title>
        <tit>أبو إسحق إبراهيم بن سنان بن ثابت بن قرة</tit>
        <id>293</id>
        <lvl>1</lvl>
    </title>
    <title>
        <tit>أبو إسحق إبراهيم بن زهرون الحراني</tit>
        <id>293</id>
        <lvl>1</lvl>
    </title>
    <title>
        <tit>أبو الحسن الحراني</tit>
        <id>293</id>
        <lvl>1</lvl>
    </title>
    <title>
        <tit>ابن وصيف الصابئ</tit>
        <id>297</id>
        <lvl>1</lvl>
    </title>
    <title>
        <tit>غالب طبيب المعتضد</tit>
        <id>297</id>
        <lvl>1</lvl>
    </title>
    <title>
        <tit>أبو عثمان سعيد بن غالب</tit>
        <id>298</id>
        <lvl>1</lvl>
    </title>
    <title>
        <tit>عبدوس</tit>
        <id>298</id>
        <lvl>1</lvl>
    </title>
    <title>
        <tit>صاعد بن بشر بن عبدوس</tit>
        <id>299</id>
        <lvl>1</lvl>
    </title>
    <title>
        <tit>ديلم</tit>
        <id>301</id>
        <lvl>1</lvl>
    </title>
    <title>
        <tit>داؤد بن ديلم</tit>
        <id>301</id>
        <lvl>1</lvl>
    </title>
    <title>
        <tit>الرقي</tit>
        <id>302</id>
        <lvl>1</lvl>
    </title>
    <title>
        <tit>قويري</tit>
        <id>302</id>
        <lvl>1</lvl>
    </title>
    <title>
        <tit>أبو عثمان سعيد بن يعقوب الدمشقي</tit>
        <id>302</id>
        <lvl>1</lvl>
    </title>
    <title>
        <tit>أبو يحيى المروزي</tit>
        <id>303</id>
        <lvl>1</lvl>
    </title>
    <title>
        <tit>متى بن يونان</tit>
        <id>303</id>
        <lvl>1</lvl>
    </title>
    <title>
        <tit>يحيى بن عدي</tit>
        <id>303</id>
        <lvl>1</lvl>
    </title>
    <title>
        <tit>ابن كرنيب</tit>
        <id>303</id>
        <lvl>1</lvl>
    </title>
    <title>
        <tit>أبو علي بن زرعة</tit>
        <id>304</id>
        <lvl>1</lvl>
    </title>
    <title>
        <tit>موسى بن سيار</tit>
        <id>305</id>
        <lvl>1</lvl>
    </title>
    <title>
        <tit>علي بن العباس المجوسي</tit>
        <id>305</id>
        <lvl>1</lvl>
    </title>
    <title>
        <tit>عيسى طبيب القاهر</tit>
        <id>306</id>
        <lvl>1</lvl>
    </title>
    <title>
        <tit>دانيال المتطبب</tit>
        <id>306</id>
        <lvl>1</lvl>
    </title>
    <title>
        <tit>أبو الحسين بن كشكرايا</tit>
        <id>307</id>
        <lvl>1</lvl>
    </title>
    <title>
        <tit>إسحق بن شليطا</tit>
        <id>307</id>
        <lvl>1</lvl>
    </title>
    <title>
        <tit>أبو الحسين عمر بن الدحلي</tit>
        <id>307</id>
        <lvl>1</lvl>
    </title>
    <title>
        <tit>فنون المتطبب</tit>
        <id>307</id>
        <lvl>1</lvl>
    </title>
    <title>
        <tit>أبو سعيد اليمامي</tit>
        <id>308</id>
        <lvl>1</lvl>
    </title>
    <title>
        <tit>نظيف القس الرومي</tit>
        <id>308</id>
        <lvl>1</lvl>
    </title>
    <title>
        <tit>أبو يعقوب الأهوازي</tit>
        <id>308</id>
        <lvl>1</lvl>
    </title>
    <title>
        <tit>أبو الفرج بن أبي سعيد اليماني</tit>
        <id>309</id>
        <lvl>1</lvl>
    </title>
    <title>
        <tit>أبو الفرج يحيى بن سعيد بن يحيى</tit>
        <id>309</id>
        <lvl>1</lvl>
    </title>
    <title>
        <tit>أبو الفرج بن الطيب</tit>
        <id>309</id>
        <lvl>1</lvl>
    </title>
    <title>
        <tit>ابن بطلان</tit>
        <id>311</id>
        <lvl>1</lvl>
    </title>
    <title>
        <tit>الفضل بن جرير التكريتي</tit>
        <id>314</id>
        <lvl>1</lvl>
    </title>
    <title>
        <tit>أبو نصر يحيى بن جرير التكريتي</tit>
        <id>314</id>
        <lvl>1</lvl>
    </title>
    <title>
        <tit>ابن دينار</tit>
        <id>315</id>
        <lvl>1</lvl>
    </title>
    <title>
        <tit>إبراهيم بن بكس</tit>
        <id>315</id>
        <lvl>1</lvl>
    </title>
    <title>
        <tit>علي بن إبراهيم بن بكس</tit>
        <id>315</id>
        <lvl>1</lvl>
    </title>
    <title>
        <tit>قسطا بن لوقا البعلبكي</tit>
        <id>315</id>
        <lvl>1</lvl>
    </title>
    <title>
        <tit>أحمد بن أبي الأشعث</tit>
        <id>317</id>
        <lvl>1</lvl>
    </title>
    <title>
        <tit>مسكويه</tit>
        <id>317</id>
        <lvl>1</lvl>
    </title>
    <title>
        <tit>محمد بن ثواب الموصلي</tit>
        <id>318</id>
        <lvl>1</lvl>
    </title>
    <title>
        <tit>أحمد بن محمد البلدي</tit>
        <id>318</id>
        <lvl>1</lvl>
    </title>
    <title>
        <tit>ابن قوسين</tit>
        <id>319</id>
        <lvl>1</lvl>
    </title>
    <title>
        <tit>علي بن عيسى وقيل عيسى بن علي الكحال</tit>
        <id>319</id>
        <lvl>1</lvl>
    </title>
    <title>
        <tit>ابن الشبل البغدادي</tit>
        <id>319</id>
        <lvl>1</lvl>
    </title>
    <title>
        <tit>ابن بختويه</tit>
        <id>326</id>
        <lvl>1</lvl>
    </title>
    <title>
        <tit>أبو العلاء صاعد بن الحسن</tit>
        <id>326</id>
        <lvl>1</lvl>
    </title>
    <title>
        <tit>زاهد العلماء</tit>
        <id>327</id>
        <lvl>1</lvl>
    </title>
    <title>
        <tit>المقبلي</tit>
        <id>327</id>
        <lvl>1</lvl>
    </title>
    <title>
        <tit>النيلي</tit>
        <id>327</id>
        <lvl>1</lvl>
    </title>
    <title>
        <tit>إسحاق بن علي الرهاوي</tit>
        <id>328</id>
        <lvl>1</lvl>
    </title>
    <title>
        <tit>سعيد بن هبة الله</tit>
        <id>328</id>
        <lvl>1</lvl>
    </title>
    <title>
        <tit>أبو الخطاب</tit>
        <id>329</id>
        <lvl>1</lvl>
    </title>
    <title>
        <tit>ابن جزلة</tit>
        <id>329</id>
        <lvl>1</lvl>
    </title>
    <title>
        <tit>ابن الواسطي</tit>
        <id>330</id>
        <lvl>1</lvl>
    </title>
    <title>
        <tit>أبو طاهر بن البرخشي</tit>
        <id>331</id>
        <lvl>1</lvl>
    </title>
    <title>
        <tit>ابن صفية</tit>
        <id>333</id>
        <lvl>1</lvl>
    </title>
    <title>
        <tit>أمين الدولة بن التلميذ</tit>
        <id>335</id>
        <lvl>1</lvl>
    </title>
    <title>
        <tit>أبو الفرج يحيى بن التلميذ</tit>
        <id>357</id>
        <lvl>1</lvl>
    </title>
    <title>
        <tit>أوحد الزمان أبو البركات هبة الله بن علي ملكا</tit>
        <id>360</id>
        <lvl>1</lvl>
    </title>
    <title>
        <tit>البديع الأصطرلابي</tit>
        <id>362</id>
        <lvl>1</lvl>
    </title>
    <title>
        <tit>أبو القاسم هبة الله بن الفضل</tit>
        <id>366</id>
        <lvl>1</lvl>
    </title>
    <title>
        <tit>العنتري</tit>
        <id>375</id>
        <lvl>1</lvl>
    </title>
    <title>
        <tit>أبو الغنائم هبة الله بن علي بن الحسين بن أثردى</tit>
        <id>385</id>
        <lvl>1</lvl>
    </title>
    <title>
        <tit>علي بن هبة الله بن أثردى</tit>
        <id>385</id>
        <lvl>1</lvl>
    </title>
    <title>
        <tit>سعيد بن أثردى</tit>
        <id>385</id>
        <lvl>1</lvl>
    </title>
    <title>
        <tit>جمال الدين علي بن أثردى</tit>
        <id>386</id>
        <lvl>1</lvl>
    </title>
    <title>
        <tit>أبو علي الحسن بن علي بن أثردى</tit>
        <id>386</id>
        <lvl>1</lvl>
    </title>
    <title>
        <tit>فخر الدين المارديني</tit>
        <id>388</id>
        <lvl>1</lvl>
    </title>
    <title>
        <tit>أبو نصر بن المسيحي</tit>
        <id>389</id>
        <lvl>1</lvl>
    </title>
    <title>
        <tit>أبو الفرج</tit>
        <id>391</id>
        <lvl>1</lvl>
    </title>
    <title>
        <tit>أبو الحسين صاعد بن هبة الله بن المؤمل</tit>
        <id>392</id>
        <lvl>1</lvl>
    </title>
    <title>
        <tit>ابن المارستانية</tit>
        <id>393</id>
        <lvl>1</lvl>
    </title>
    <title>
        <tit>ابن سدير</tit>
        <id>393</id>
        <lvl>1</lvl>
    </title>
    <title>
        <tit>مهذب الدين بن هبل</tit>
        <id>393</id>
        <lvl>1</lvl>
    </title>
    <title>
        <tit>شمس الدين بن هبل</tit>
        <id>396</id>
        <lvl>1</lvl>
    </title>
    <title>
        <tit>كمال الدين بن يونس</tit>
        <id>396</id>
        <lvl>1</lvl>
    </title>
    <title>
        <tit>طبقات الأطباء الذين ظهروا في بلاد العجم</tit>
        <id>399</id>
        <lvl>1</lvl>
    </title>
    <title>
        <tit>تيادورس</tit>
        <id>399</id>
        <lvl>1</lvl>
    </title>
    <title>
        <tit>برزويه</tit>
        <id>399</id>
        <lvl>1</lvl>
    </title>
    <title>
        <tit>ابن ربن الطبري</tit>
        <id>400</id>
        <lvl>1</lvl>
    </title>
    <title>
        <tit>ربن الطبري</tit>
        <id>400</id>
        <lvl>1</lvl>
    </title>
    <title>
        <tit>أبو بكر محمد بن زكريا الرازي</tit>
        <id>400</id>
        <lvl>1</lvl>
    </title>
    <title>
        <tit>أبو سليمان السجستاني</tit>
        <id>413</id>
        <lvl>1</lvl>
    </title>
    <title>
        <tit>أبو الحسن أحمد بن محمد الطبري</tit>
        <id>413</id>
        <lvl>1</lvl>
    </title>
    <title>
        <tit>أبو الخير الحسن بن سوار</tit>
        <id>414</id>
        <lvl>1</lvl>
    </title>
    <title>
        <tit>أبو الفرج بن هندو</tit>
        <id>415</id>
        <lvl>1</lvl>
    </title>
    <title>
        <tit>الحسن الفسوي</tit>
        <id>421</id>
        <lvl>1</lvl>
    </title>
    <title>
        <tit>أبو منصور الحسن بن نوح القمري</tit>
        <id>421</id>
        <lvl>1</lvl>
    </title>
    <title>
        <tit>أبو سهل المسيحي</tit>
        <id>422</id>
        <lvl>1</lvl>
    </title>
    <title>
        <tit>الشيخ الرئيس ابن سينا</tit>
        <id>423</id>
        <lvl>1</lvl>
    </title>
    <title>
        <tit>ألايلاقي</tit>
        <id>445</id>
        <lvl>1</lvl>
    </title>
    <title>
        <tit>أبو الريحان البيروني</tit>
        <id>445</id>
        <lvl>1</lvl>
    </title>
    <title>
        <tit>ابن مندويه الأصفهاني</tit>
        <id>445</id>
        <lvl>1</lvl>
    </title>
    <title>
        <tit>ابن أبي صادق</tit>
        <id>447</id>
        <lvl>1</lvl>
    </title>
    <title>
        <tit>طاهر بن إبراهيم السجري</tit>
        <id>447</id>
        <lvl>1</lvl>
    </title>
    <title>
        <tit>ابن خطيب الري</tit>
        <id>448</id>
        <lvl>1</lvl>
    </title>
    <title>
        <tit>القطب المصري</tit>
        <id>457</id>
        <lvl>1</lvl>
    </title>
    <title>
        <tit>السموأل</tit>
        <id>457</id>
        <lvl>1</lvl>
    </title>
    <title>
        <tit>بدر الدين محمد بن بهرام بن محمد القلانسي السمرقندي</tit>
        <id>458</id>
        <lvl>1</lvl>
    </title>
    <title>
        <tit>نجيب الدين أبو حامد محمد بن علي بن عمر السمرقندي</tit>
        <id>458</id>
        <lvl>1</lvl>
    </title>
    <title>
        <tit>الشريف شرف الدين إسماعيل</tit>
        <id>458</id>
        <lvl>1</lvl>
    </title>
    <title>
        <tit>طبقات الأطباء الذين كانوا من الهند</tit>
        <id>459</id>
        <lvl>1</lvl>
    </title>
    <title>
        <tit>كنكه الهندي</tit>
        <id>459</id>
        <lvl>1</lvl>
    </title>
    <title>
        <tit>صنجهل</tit>
        <id>459</id>
        <lvl>1</lvl>
    </title>
    <title>
        <tit>شاناق</tit>
        <id>460</id>
        <lvl>1</lvl>
    </title>
    <title>
        <tit>جودر</tit>
        <id>460</id>
        <lvl>1</lvl>
    </title>
    <title>
        <tit>منكه الهندي</tit>
        <id>461</id>
        <lvl>1</lvl>
    </title>
    <title>
        <tit>صالح بن بهلة الهندي</tit>
        <id>461</id>
        <lvl>1</lvl>
    </title>
    <title>
        <tit>طبقات الأطباء الذين ظهروا في بلاد المغرب وأقاموا بها</tit>
        <id>464</id>
        <lvl>1</lvl>
    </title>
    <title>
        <tit>إسحق بن عمران</tit>
        <id>464</id>
        <lvl>1</lvl>
    </title>
    <title>
        <tit>إسحق بن سليمان</tit>
        <id>465</id>
        <lvl>1</lvl>
    </title>
    <title>
        <tit>ابن الجزار</tit>
        <id>467</id>
        <lvl>1</lvl>
    </title>
    <title>
        <tit>ابن السمينة</tit>
        <id>468</id>
        <lvl>1</lvl>
    </title>
    <title>
        <tit>أبو القاسم مسلمة بن أحمد</tit>
        <id>468</id>
        <lvl>1</lvl>
    </title>
    <title>
        <tit>ابن السمح</tit>
        <id>469</id>
        <lvl>1</lvl>
    </title>
    <title>
        <tit>ابن الصفار</tit>
        <id>470</id>
        <lvl>1</lvl>
    </title>
    <title>
        <tit>أبو الحسن علي بن سليمان الزهراوي</tit>
        <id>470</id>
        <lvl>1</lvl>
    </title>
    <title>
        <tit>الكرماني</tit>
        <id>470</id>
        <lvl>1</lvl>
    </title>
    <title>
        <tit>ابن خلدون</tit>
        <id>471</id>
        <lvl>1</lvl>
    </title>
    <title>
        <tit>أبو جعفر أحمد بن خميس بن عامر بن دميح</tit>
        <id>471</id>
        <lvl>1</lvl>
    </title>
    <title>
        <tit>حمدين بن أبان</tit>
        <id>471</id>
        <lvl>1</lvl>
    </title>
    <title>
        <tit>جواد الطبيب النصراني</tit>
        <id>471</id>
        <lvl>1</lvl>
    </title>
    <title>
        <tit>خالد بن يزيد بن رومان النصراني</tit>
        <id>471</id>
        <lvl>1</lvl>
    </title>
    <title>
        <tit>عمران بن أبي عمرو</tit>
        <id>472</id>
        <lvl>1</lvl>
    </title>
    <title>
        <tit>محمد بن فتح طملون</tit>
        <id>472</id>
        <lvl>1</lvl>
    </title>
    <title>
        <tit>ابن ملوكة النصراني</tit>
        <id>472</id>
        <lvl>1</lvl>
    </title>
    <title>
        <tit>الحراني</tit>
        <id>472</id>
        <lvl>1</lvl>
    </title>
    <title>
        <tit>أحمد وعمر ابنا يونس بن أحمد الحراني</tit>
        <id>473</id>
        <lvl>1</lvl>
    </title>
    <title>
        <tit>إسحق الطبيب</tit>
        <id>474</id>
        <lvl>1</lvl>
    </title>
    <title>
        <tit>يحيى بن إسحق</tit>
        <id>474</id>
        <lvl>1</lvl>
    </title>
    <title>
        <tit>سليمان أبو بكر بن تاج</tit>
        <id>475</id>
        <lvl>1</lvl>
    </title>
    <title>
        <tit>ابن أم البنين</tit>
        <id>475</id>
        <lvl>1</lvl>
    </title>
    <title>
        <tit>سعيد بن عبد ربه</tit>
        <id>475</id>
        <lvl>1</lvl>
    </title>
    <title>
        <tit>عمر بن حفص بن برتق</tit>
        <id>476</id>
        <lvl>1</lvl>
    </title>
    <title>
        <tit>أصبغ بن يحيى</tit>
        <id>477</id>
        <lvl>1</lvl>
    </title>
    <title>
        <tit>محمد بن تمليح</tit>
        <id>477</id>
        <lvl>1</lvl>
    </title>
    <title>
        <tit>أبو الوليد بن الكتاني</tit>
        <id>477</id>
        <lvl>1</lvl>
    </title>
    <title>
        <tit>أبو عبد الله بن الكتاني</tit>
        <id>477</id>
        <lvl>1</lvl>
    </title>
    <title>
        <tit>أبو بكر أحمد بن جابر</tit>
        <id>478</id>
        <lvl>1</lvl>
    </title>
    <title>
        <tit>محمد بن عبدون الجبلي العذري</tit>
        <id>478</id>
        <lvl>1</lvl>
    </title>
    <title>
        <tit>هرون بن موسى الأشبوني</tit>
        <id>478</id>
        <lvl>1</lvl>
    </title>
    <title>
        <tit>أحمد بن حكيم بن حفصون</tit>
        <id>478</id>
        <lvl>1</lvl>
    </title>
    <title>
        <tit>أبو عبد الله الملك الثقفي</tit>
        <id>478</id>
        <lvl>1</lvl>
    </title>
    <title>
        <tit>عبد الرحمن بن إسحق بن الهيثم</tit>
        <id>479</id>
        <lvl>1</lvl>
    </title>
    <title>
        <tit>ابن جلجل</tit>
        <id>479</id>
        <lvl>1</lvl>
    </title>
    <title>
        <tit>أبو العرب يوسف بن محمد</tit>
        <id>481</id>
        <lvl>1</lvl>
    </title>
    <title>
        <tit>ابن البغونش</tit>
        <id>481</id>
        <lvl>1</lvl>
    </title>
    <title>
        <tit>ابن وافد</tit>
        <id>482</id>
        <lvl>1</lvl>
    </title>
    <title>
        <tit>الرميلي</tit>
        <id>482</id>
        <lvl>1</lvl>
    </title>
    <title>
        <tit>ابن الخياط</tit>
        <id>483</id>
        <lvl>1</lvl>
    </title>
    <title>
        <tit>ابن النباش</tit>
        <id>483</id>
        <lvl>1</lvl>
    </title>
    <title>
        <tit>أبو جعفر بن خميس الطليطلي</tit>
        <id>483</id>
        <lvl>1</lvl>
    </title>
    <title>
        <tit>أبو الحسن عبد الرحمن بن خلف بن عساكر الدارمي</tit>
        <id>483</id>
        <lvl>1</lvl>
    </title>
    <title>
        <tit>ابن الذهبي</tit>
        <id>483</id>
        <lvl>1</lvl>
    </title>
    <title>
        <tit>حسداي بن إسحاق</tit>
        <id>484</id>
        <lvl>1</lvl>
    </title>
    <title>
        <tit>إسحاق بن قسطار</tit>
        <id>484</id>
        <lvl>1</lvl>
    </title>
    <title>
        <tit>منجم بن الفوال</tit>
        <id>484</id>
        <lvl>1</lvl>
    </title>
    <title>
        <tit>مروان بن جناح</tit>
        <id>484</id>
        <lvl>1</lvl>
    </title>
    <title>
        <tit>أبو الفضل حسداي بن يوسف بن حسداي</tit>
        <id>485</id>
        <lvl>1</lvl>
    </title>
    <title>
        <tit>أبو جعفر يوسف بن أحمد بن حسداي</tit>
        <id>485</id>
        <lvl>1</lvl>
    </title>
    <title>
        <tit>ابن سمجون</tit>
        <id>486</id>
        <lvl>1</lvl>
    </title>
    <title>
        <tit>البكري</tit>
        <id>486</id>
        <lvl>1</lvl>
    </title>
    <title>
        <tit>الغافقي</tit>
        <id>486</id>
        <lvl>1</lvl>
    </title>
    <title>
        <tit>الشريف محمد بن محمد الحسني</tit>
        <id>487</id>
        <lvl>1</lvl>
    </title>
    <title>
        <tit>خلف بن عباس الزهراوي</tit>
        <id>487</id>
        <lvl>1</lvl>
    </title>
    <title>
        <tit>ابن بكلارش</tit>
        <id>487</id>
        <lvl>1</lvl>
    </title>
    <title>
        <tit>أبو الصلت أمية بن عبد العزيز بن أبي الصلت</tit>
        <id>487</id>
        <lvl>1</lvl>
    </title>
    <title>
        <tit>ابن باجة</tit>
        <id>501</id>
        <lvl>1</lvl>
    </title>
    <title>
        <tit>أبو مروان بن زهر</tit>
        <id>503</id>
        <lvl>1</lvl>
    </title>
    <title>
        <tit>أبو العلاء بن زهر</tit>
        <id>503</id>
        <lvl>1</lvl>
    </title>
    <title>
        <tit>أبو مروان بن أبي العلاء بن زهر</tit>
        <id>505</id>
        <lvl>1</lvl>
    </title>
    <title>
        <tit>الحفيد أبو بكر بن زهر</tit>
        <id>507</id>
        <lvl>1</lvl>
    </title>
    <title>
        <tit>أبو محمد بن الحفيد أبي بكر بن زهر</tit>
        <id>514</id>
        <lvl>1</lvl>
    </title>
    <title>
        <tit>أبو جعفر بن هارون الترجالي</tit>
        <id>516</id>
        <lvl>1</lvl>
    </title>
    <title>
        <tit>أبو الوليد بن رشد</tit>
        <id>516</id>
        <lvl>1</lvl>
    </title>
    <title>
        <tit>أبو الحجاج يوسف بن موراطير</tit>
        <id>519</id>
        <lvl>1</lvl>
    </title>
    <title>
        <tit>أبو محمد بن رشد</tit>
        <id>519</id>
        <lvl>1</lvl>
    </title>
    <title>
        <tit>أبو الحكم بن غلندو</tit>
        <id>520</id>
        <lvl>1</lvl>
    </title>
    <title>
        <tit>أبو يحيى بن قاسم الإشبيلي</tit>
        <id>520</id>
        <lvl>1</lvl>
    </title>
    <title>
        <tit>أبو إسحق إبراهيم الداني</tit>
        <id>520</id>
        <lvl>1</lvl>
    </title>
    <title>
        <tit>أبو عبد الله بن يزيد</tit>
        <id>520</id>
        <lvl>1</lvl>
    </title>
    <title>
        <tit>أبو مروان عبد الملك بن قبلال</tit>
        <id>520</id>
        <lvl>1</lvl>
    </title>
    <title>
        <tit>أبو جعفر أحمد بن حسان</tit>
        <id>521</id>
        <lvl>1</lvl>
    </title>
    <title>
        <tit>عبد العزيز بن مسلمة الباجي</tit>
        <id>521</id>
        <lvl>1</lvl>
    </title>
    <title>
        <tit>المصدوم</tit>
        <id>521</id>
        <lvl>1</lvl>
    </title>
    <title>
        <tit>أبو العلاء بن أبي جعفر أحمد بن حسان</tit>
        <id>521</id>
        <lvl>1</lvl>
    </title>
    <title>
        <tit>أبو محمد الشذوني</tit>
        <id>521</id>
        <lvl>1</lvl>
    </title>
    <title>
        <tit>أبو جعفر بن الغزال</tit>
        <id>522</id>
        <lvl>1</lvl>
    </title>
    <title>
        <tit>أبو بكر بن القاضي أبي الحسن الزهري</tit>
        <id>522</id>
        <lvl>1</lvl>
    </title>
    <title>
        <tit>أبو عبد الله الندرومي</tit>
        <id>523</id>
        <lvl>1</lvl>
    </title>
    <title>
        <tit>أبو جعفر أحمد بن سابق</tit>
        <id>523</id>
        <lvl>1</lvl>
    </title>
    <title>
        <tit>ابن الحلاء المرسي</tit>
        <id>523</id>
        <lvl>1</lvl>
    </title>
    <title>
        <tit>أبو إسحق بن طملوس</tit>
        <id>523</id>
        <lvl>1</lvl>
    </title>
    <title>
        <tit>أبو جعفر الذهبي</tit>
        <id>523</id>
        <lvl>1</lvl>
    </title>
    <title>
        <tit>أبو العباس بن الرومية</tit>
        <id>524</id>
        <lvl>1</lvl>
    </title>
    <title>
        <tit>أبو العباس الكنيناري</tit>
        <id>524</id>
        <lvl>1</lvl>
    </title>
    <title>
        <tit>ابن الأصم</tit>
        <id>524</id>
        <lvl>1</lvl>
    </title>
    <title>
        <tit>طبقات الأطباء المشهورين من أطباء ديار مصر</tit>
        <id>526</id>
        <lvl>1</lvl>
    </title>
    <title>
        <tit>بليطيان</tit>
        <id>526</id>
        <lvl>1</lvl>
    </title>
    <title>
        <tit>إبراهيم بن عيسى</tit>
        <id>527</id>
        <lvl>1</lvl>
    </title>
    <title>
        <tit>الحسن بن زيرك</tit>
        <id>527</id>
        <lvl>1</lvl>
    </title>
    <title>
        <tit>سعيد بن توفيل</tit>
        <id>527</id>
        <lvl>1</lvl>
    </title>
    <title>
        <tit>خلف الطولوني</tit>
        <id>530</id>
        <lvl>1</lvl>
    </title>
    <title>
        <tit>نسطاس بن جريج</tit>
        <id>530</id>
        <lvl>1</lvl>
    </title>
    <title>
        <tit>إسحاق بن إبراهيم بن نسطاس</tit>
        <id>530</id>
        <lvl>1</lvl>
    </title>
    <title>
        <tit>البالسي</tit>
        <id>531</id>
        <lvl>1</lvl>
    </title>
    <title>
        <tit>موسى بن العازار الإسرائيلي</tit>
        <id>531</id>
        <lvl>1</lvl>
    </title>
    <title>
        <tit>يوسف النصراني</tit>
        <id>531</id>
        <lvl>1</lvl>
    </title>
    <title>
        <tit>سعيد بن البطريق</tit>
        <id>531</id>
        <lvl>1</lvl>
    </title>
    <title>
        <tit>التميمي</tit>
        <id>532</id>
        <lvl>1</lvl>
    </title>
    <title>
        <tit>عيسى بن البطريق</tit>
        <id>532</id>
        <lvl>1</lvl>
    </title>
    <title>
        <tit>أعين بن أعين</tit>
        <id>532</id>
        <lvl>1</lvl>
    </title>
    <title>
        <tit>سهلان</tit>
        <id>534</id>
        <lvl>1</lvl>
    </title>
    <title>
        <tit>عمار بن علي الموصلي</tit>
        <id>535</id>
        <lvl>1</lvl>
    </title>
    <title>
        <tit>الحقير النافع</tit>
        <id>535</id>
        <lvl>1</lvl>
    </title>
    <title>
        <tit>أبو بشر طبيب العظيمية</tit>
        <id>535</id>
        <lvl>1</lvl>
    </title>
    <title>
        <tit>أبو الفتح منصور بن سهلان بن مقشر</tit>
        <id>535</id>
        <lvl>1</lvl>
    </title>
    <title>
        <tit>ابن مقشر الطبيب</tit>
        <id>536</id>
        <lvl>1</lvl>
    </title>
    <title>
        <tit>علي بن سليمان</tit>
        <id>536</id>
        <lvl>1</lvl>
    </title>
    <title>
        <tit>ابن الهيثم</tit>
        <id>536</id>
        <lvl>1</lvl>
    </title>
    <title>
        <tit>المبشر بن فاتك</tit>
        <id>546</id>
        <lvl>1</lvl>
    </title>
    <title>
        <tit>إسحق بن يونس</tit>
        <id>547</id>
        <lvl>1</lvl>
    </title>
    <title>
        <tit>علي بن رضوان</tit>
        <id>547</id>
        <lvl>1</lvl>
    </title>
    <title>
        <tit>افرائيم بين الزفان</tit>
        <id>553</id>
        <lvl>1</lvl>
    </title>
    <title>
        <tit>سلامة بن رحمون</tit>
        <id>554</id>
        <lvl>1</lvl>
    </title>
    <title>
        <tit>ابن العين زربي</tit>
        <id>556</id>
        <lvl>1</lvl>
    </title>
    <title>
        <tit>مبارك بن سلامة بن رحمون</tit>
        <id>556</id>
        <lvl>1</lvl>
    </title>
    <title>
        <tit>بلمظفر ابن معرف</tit>
        <id>557</id>
        <lvl>1</lvl>
    </title>
    <title>
        <tit>الشيخ السديد رئيس الطب</tit>
        <id>558</id>
        <lvl>1</lvl>
    </title>
    <title>
        <tit>ابن جميع</tit>
        <id>562</id>
        <lvl>1</lvl>
    </title>
    <title>
        <tit>أبو البيان بن المدور</tit>
        <id>565</id>
        <lvl>1</lvl>
    </title>
    <title>
        <tit>أبو الفضائل بن الناقد</tit>
        <id>566</id>
        <lvl>1</lvl>
    </title>
    <title>
        <tit>الرئيس هبة الله</tit>
        <id>566</id>
        <lvl>1</lvl>
    </title>
    <title>
        <tit>الموفق بن شوعة</tit>
        <id>567</id>
        <lvl>1</lvl>
    </title>
    <title>
        <tit>أبو البركات بن القضاعي</tit>
        <id>568</id>
        <lvl>1</lvl>
    </title>
    <title>
        <tit>أبو المعالي بن تمام</tit>
        <id>568</id>
        <lvl>1</lvl>
    </title>
    <title>
        <tit>الرئيس موسى</tit>
        <id>568</id>
        <lvl>1</lvl>
    </title>
    <title>
        <tit>إبراهيم بن الرئيس موسى</tit>
        <id>569</id>
        <lvl>1</lvl>
    </title>
    <title>
        <tit>أبو البركات بن شعيا</tit>
        <id>569</id>
        <lvl>1</lvl>
    </title>
    <title>
        <tit>الأسعد المحلي</tit>
        <id>569</id>
        <lvl>1</lvl>
    </title>
    <title>
        <tit>الشيخ السديد بن أبي البيان</tit>
        <id>570</id>
        <lvl>1</lvl>
    </title>
    <title>
        <tit>جمال الدين بن أبي الحوافر</tit>
        <id>570</id>
        <lvl>1</lvl>
    </title>
    <title>
        <tit>شهاب الدين بن فتح الدين</tit>
        <id>571</id>
        <lvl>1</lvl>
    </title>
    <title>
        <tit>فتح الدين بن جمال الدين بن أبي الحوافر</tit>
        <id>571</id>
        <lvl>1</lvl>
    </title>
    <title>
        <tit>القاضي نفيس الدين بن الزبير</tit>
        <id>572</id>
        <lvl>1</lvl>
    </title>
    <title>
        <tit>أفضل الدين الخونجي</tit>
        <id>572</id>
        <lvl>1</lvl>
    </title>
    <title>
        <tit>أبو سليمان داود بن أبي المنى بن أبي فانة</tit>
        <id>573</id>
        <lvl>1</lvl>
    </title>
    <title>
        <tit>أبو سعيد بن أبي سليمان</tit>
        <id>575</id>
        <lvl>1</lvl>
    </title>
    <title>
        <tit>أبو شاكر بن أبي سليمان</tit>
        <id>575</id>
        <lvl>1</lvl>
    </title>
    <title>
        <tit>أبو نصربن أبي سليمان</tit>
        <id>576</id>
        <lvl>1</lvl>
    </title>
    <title>
        <tit>أبو الفضل بن أبي سليمان</tit>
        <id>576</id>
        <lvl>1</lvl>
    </title>
    <title>
        <tit>رشيد الدين أبو حليقة</tit>
        <id>576</id>
        <lvl>1</lvl>
    </title>
    <title>
        <tit>مهذب الدين أبو سعيد محمد أبي حليقة</tit>
        <id>584</id>
        <lvl>1</lvl>
    </title>
    <title>
        <tit>رشيد الدين أبو سعيد</tit>
        <id>585</id>
        <lvl>1</lvl>
    </title>
    <title>
        <tit>أسعد الدين بن أبي الحسن</tit>
        <id>586</id>
        <lvl>1</lvl>
    </title>
    <title>
        <tit>ضياء الدين بن البيطار</tit>
        <id>587</id>
        <lvl>1</lvl>
    </title>
    <title>
        <tit>أبو نصر الفارابي</tit>
        <id>589</id>
        <lvl>1</lvl>
    </title>
    <title>
        <tit>طبقات الأطباء المشهورين من أطباء الشام</tit>
        <id>589</id>
        <lvl>1</lvl>
    </title>
    <title>
        <tit>عيسى الرقي</tit>
        <id>595</id>
        <lvl>1</lvl>
    </title>
    <title>
        <tit>اليبرودي</tit>
        <id>596</id>
        <lvl>1</lvl>
    </title>
    <title>
        <tit>جابر بن منصور السكري</tit>
        <id>599</id>
        <lvl>1</lvl>
    </title>
    <title>
        <tit>ظافر بن جابر السكري</tit>
        <id>600</id>
        <lvl>1</lvl>
    </title>
    <title>
        <tit>موهوب بن الظافر</tit>
        <id>600</id>
        <lvl>1</lvl>
    </title>
    <title>
        <tit>جابر بن موهوب</tit>
        <id>600</id>
        <lvl>1</lvl>
    </title>
    <title>
        <tit>أبو الحكم</tit>
        <id>600</id>
        <lvl>1</lvl>
    </title>
    <title>
        <tit>أبو الفضل بن أبي الوقار</tit>
        <id>621</id>
        <lvl>1</lvl>
    </title>
    <title>
        <tit>مهذب الدين بن النقاش</tit>
        <id>621</id>
        <lvl>1</lvl>
    </title>
    <title>
        <tit>أبو زكريا يحيى البياسي</tit>
        <id>623</id>
        <lvl>1</lvl>
    </title>
    <title>
        <tit>سكرة الحلبي</tit>
        <id>623</id>
        <lvl>1</lvl>
    </title>
    <title>
        <tit>عفيف بن سكرة</tit>
        <id>624</id>
        <lvl>1</lvl>
    </title>
    <title>
        <tit>ابن الصلاح</tit>
        <id>624</id>
        <lvl>1</lvl>
    </title>
    <title>
        <tit>شهاب الدين السهروردي</tit>
        <id>627</id>
        <lvl>1</lvl>
    </title>
    <title>
        <tit>شمس الدين الخوبي</tit>
        <id>632</id>
        <lvl>1</lvl>
    </title>
    <title>
        <tit>رفيع الدين الجيلي</tit>
        <id>633</id>
        <lvl>1</lvl>
    </title>
    <title>
        <tit>شمس الدين الخسروشاهي</tit>
        <id>634</id>
        <lvl>1</lvl>
    </title>
    <title>
        <tit>سيف الدين الآمدي</tit>
        <id>636</id>
        <lvl>1</lvl>
    </title>
    <title>
        <tit>موفق الدين بن المطران</tit>
        <id>637</id>
        <lvl>1</lvl>
    </title>
    <title>
        <tit>مهذب الدين بن الحاجب</tit>
        <id>645</id>
        <lvl>1</lvl>
    </title>
    <title>
        <tit>الشريف الكحال</tit>
        <id>646</id>
        <lvl>1</lvl>
    </title>
    <title>
        <tit>أبو منصور النصراني</tit>
        <id>647</id>
        <lvl>1</lvl>
    </title>
    <title>
        <tit>أبو النجم النصراني</tit>
        <id>647</id>
        <lvl>1</lvl>
    </title>
    <title>
        <tit>أبو الفرج النصراني</tit>
        <id>647</id>
        <lvl>1</lvl>
    </title>
    <title>
        <tit>فخر الدين بن الساعاتي</tit>
        <id>647</id>
        <lvl>1</lvl>
    </title>
    <title>
        <tit>شمس الدين بن اللبودي</tit>
        <id>648</id>
        <lvl>1</lvl>
    </title>
    <title>
        <tit>زين الدين الحافظي</tit>
        <id>654</id>
        <lvl>1</lvl>
    </title>
    <title>
        <tit>أبو الفضل بن عبد الكريم المهندس</tit>
        <id>655</id>
        <lvl>1</lvl>
    </title>
    <title>
        <tit>موفق الدين عبد العزيز</tit>
        <id>657</id>
        <lvl>1</lvl>
    </title>
    <title>
        <tit>سعد الدين بن عبد العزيز</tit>
        <id>657</id>
        <lvl>1</lvl>
    </title>
    <title>
        <tit>رضي الدين الرحبي</tit>
        <id>658</id>
        <lvl>1</lvl>
    </title>
    <title>
        <tit>شرف الدين بن الرحبي</tit>
        <id>661</id>
        <lvl>1</lvl>
    </title>
    <title>
        <tit>جمال الدين بن الرحبي</tit>
        <id>668</id>
        <lvl>1</lvl>
    </title>
    <title>
        <tit>كمال الدين الحمصي</tit>
        <id>668</id>
        <lvl>1</lvl>
    </title>
    <title>
        <tit>موفق الدين عبد اللطيف البغدادي</tit>
        <id>669</id>
        <lvl>1</lvl>
    </title>
    <title>
        <tit>أبو الحجاج يوسف الإسرائيلي</tit>
        <id>682</id>
        <lvl>1</lvl>
    </title>
    <title>
        <tit>عمران الإسرائيلي</tit>
        <id>682</id>
        <lvl>1</lvl>
    </title>
    <title>
        <tit>موفق الدين يعقوب بن سقلاب</tit>
        <id>683</id>
        <lvl>1</lvl>
    </title>
    <title>
        <tit>سديد الدين أبو منصور</tit>
        <id>685</id>
        <lvl>1</lvl>
    </title>
    <title>
        <tit>رشيد الدين ابن الصوري</tit>
        <id>685</id>
        <lvl>1</lvl>
    </title>
    <title>
        <tit>سديد الدين بن رقيقة</tit>
        <id>689</id>
        <lvl>1</lvl>
    </title>
    <title>
        <tit>صدقة السامري</tit>
        <id>703</id>
        <lvl>1</lvl>
    </title>
    <title>
        <tit>مهذب الدين يوسف بن أبي سعيد</tit>
        <id>707</id>
        <lvl>1</lvl>
    </title>
    <title>
        <tit>ولما استقر في المجلس قالوا له إن أردت أن تقيم بدمشق فابق كما أنت وإن أردت أن تتوجه إلى صاحبك ببعلبك فافعل</tit>
        <id>709</id>
        <lvl>1</lvl>
    </title>
    <title>
        <tit>الصاحب أمين الدولة</tit>
        <id>709</id>
        <lvl>1</lvl>
    </title>
    <title>
        <tit>مهذب الدين عبد الرحيم بن علي</tit>
        <id>714</id>
        <lvl>1</lvl>
    </title>
    <title>
        <tit>عمي رشيد الدين علي بن خليفة</tit>
        <id>722</id>
        <lvl>1</lvl>
    </title>
    <title>
        <tit>وصية أول الليل</tit>
        <id>728</id>
        <lvl>1</lvl>
    </title>
    <title>
        <tit>بدر الدين ابن قاضي بعلبك</tit>
        <id>737</id>
        <lvl>1</lvl>
    </title>
    <title>
        <tit>شمس الدين محمد الكلي</tit>
        <id>741</id>
        <lvl>1</lvl>
    </title>
    <title>
        <tit>موفق الدين عبد السلام</tit>
        <id>741</id>
        <lvl>1</lvl>
    </title>
    <title>
        <tit>موفق الدين المنفاخ</tit>
        <id>743</id>
        <lvl>1</lvl>
    </title>
    <title>
        <tit>نجم الدين بن المنفاخ</tit>
        <id>743</id>
        <lvl>1</lvl>
    </title>
    <title>
        <tit>عز الدين بن السويدي</tit>
        <id>745</id>
        <lvl>1</lvl>
    </title>
    <title>
        <tit>عماد الدين الدنيسري</tit>
        <id>747</id>
        <lvl>1</lvl>
    </title>
    <title>
        <tit>أبو الفرج بن القف</tit>
        <id>753</id>
        <lvl>1</lvl>
    </title>
    <title>
        <tit>موفق الدين يعقوب السامري</tit>
        <id>753</id>
        <lvl>1</lvl>
    </title>
</dataroot>
